/*
	Author: @ThanhHang
*/
-- ===================================================================================

 USE Mikrokosmos;

-- ===================================================================================

Call sp_Authors_insert ('OSHO', 'abc');
Call sp_Authors_insert ('Trần Nhựt Tân', 'abc');
Call sp_Authors_insert ('Bessel Van Der Kolk, M.D', 'abc');
Call sp_Authors_insert ('Sophie De Mullenheim', 'abc');
Call sp_Authors_insert ('David Goldwich', 'abc');
Call sp_Authors_insert ('Tạ Ngọc Ái', 'abc');
Call sp_Authors_insert ('Jamie Notter, Maddie Grant', 'abc');
Call sp_Authors_insert ('Stephen Denning', 'abc');
Call sp_Authors_insert ('Maciej Kranz, Võ Văn Thành Nghĩa', 'abc');
Call sp_Authors_insert ('Julian Birkinshaw, Ken Mark', 'abc');
Call sp_Authors_insert ('Nina Riggs', 'abc');
Call sp_Authors_insert ('Nguyễn Huy Thắng', 'abc');
Call sp_Authors_insert ('Bill McDermott, Joanne Gordon', 'abc');
Call sp_Authors_insert ('Jane Hawking', 'abc');
Call sp_Authors_insert ('Nick Vujicic', 'abc');
Call sp_Authors_insert ('Trác Nhã', 'abc');
Call sp_Authors_insert ('Brant Pinvidic', 'abc');
Call sp_Authors_insert ('Đồng Tâm', 'abc');
Call sp_Authors_insert ('Martin Jenkins, Richard Jones', 'abc');
Call sp_Authors_insert ('Jules Verne', 'abc');
Call sp_Authors_insert ('Andrey Markovich Maksimov', 'abc');
Call sp_Authors_insert ('TS Nghiêm Kỳ Hồng', 'abc');
Call sp_Authors_insert ('Don Gabor', 'abc');
Call sp_Authors_insert ('Lois Lowry', 'abc');
Call sp_Authors_insert ('Đinh Hằng', 'abc');
Call sp_Authors_insert ('Olivier Guez', 'abc');
Call sp_Authors_insert ('Nikolai Gogol', 'abc');
Call sp_Authors_insert ('Bodo Schafer', 'abc');
Call sp_Authors_insert ('Trịnh Tuấn Khanh', 'abc');
Call sp_Authors_insert ('Émile Gaboriau', 'abc');
Call sp_Authors_insert ('Nguyễn Nhật Ánh', 'abc');
Call sp_Authors_insert ('Bộ Giáo Dục Và Đào Tạo', 'abc');
Call sp_Authors_insert ('Ernest Hemingway', 'abc');
Call sp_Authors_insert ('Hồ Thế Hà', 'abc');
Call sp_Authors_insert ('Nguyễn Văn Điềm', 'abc');
Call sp_Authors_insert ('Jim Collins', 'abc');
Call sp_Authors_insert ('Bessel Van Der Kolk, M.D', 'abc');
Call sp_Authors_insert ('TS David J Lieberman', 'abc');
Call sp_Authors_insert ('Kishimi Ichiro, Koga Fumitake', 'abc');
Call sp_Authors_insert ('Song Hong Bing', 'abc');
Call sp_Authors_insert ('Michael Guillen', 'abc');
Call sp_Authors_insert ('Carlo Rovelli', 'abc');
Call sp_Authors_insert ('Joseph E Aoun', 'abc');
Call sp_Authors_insert ('Ruy Băng Tím', 'abc');
Call sp_Authors_insert ('Stephen Hawking', 'abc');
Call sp_Authors_insert ('Eric Liao', 'abc');
Call sp_Authors_insert ('Tiểu Hồng Hoa', 'abc');
Call sp_Authors_insert ('Heary', 'abc');
Call sp_Authors_insert ('Jason Michael Gibbs', 'abc');
Call sp_Authors_insert ('Diane von Furstenberg', 'abc');

Call sp_Categories_insert ('Tâm lý', 'abc');
Call sp_Categories_insert ('Kỹ năng', 'abc');
Call sp_Categories_insert ('Văn học', 'abc');
Call sp_Categories_insert ('Kinh tế', 'abc');
Call sp_Categories_insert ('Sách thiếu nhi', 'abc');
Call sp_Categories_insert ('Giáo trình', 'abc');
Call sp_Categories_insert ('Văn hóa - Xã hội', 'abc');
Call sp_Categories_insert ('Khoa học - Công nghệ', 'abc');


Call sp_Departs_insert ('Kho', 'abc');
Call sp_Departs_insert ('Nhân sự', 'abc');
Call sp_Departs_insert ('Kinh doanh', 'abc');
Call sp_Departs_insert ('IT', 'abc');


Call sp_Suppliers_insert ('NXB Hồng Đức', '65, Tràng Thi, Hà Nội ', '02439260024', 'hongduc@gmail.com', 'abc');
Call sp_Suppliers_insert ('NXB Trẻ', '161B Lý Chính Thắng, Phường 7, Quận 3 , TP. Hồ Chí Minh', '038437450', 'hopthubandoc@nxbtre.com.vn', 'abc');
Call sp_Suppliers_insert ('NXB Tri Thức', 'Tầng 1 - Tòa nhà VUSTA - 53 Nguyễn Du - Quận Hai Bà Trưng - Hà Nội - Việt Nam', '039447280 ', 'lienhe@nxbtrithuc.com.vn', 'abc');
Call sp_Suppliers_insert ('NXB Kim Đồng', '55 Quang Trung, Nguyễn Du, Hai Bà Trưng, Hà Nội', '02439434490', 'info@nxbkimdong.com.vn', 'abc');
Call sp_Suppliers_insert ('NXB Thế Giới', '46 Trần Hưng Đạo, Hoàn Kiếm Hà Nội', '02438253841', 'thegioi@thegioipublishers.vn', 'abc');
Call sp_Suppliers_insert ('NXB Giáo Dục', 'Số 81 Trần Hưng Đạo, Hoàn Kiếm, Hà Nội', '02438220554', 'tchc.nxbgdhn@gmail.com', 'abc');
Call sp_Suppliers_insert ('NXB Tổng Hợp', '62 Nguyễn Thị Minh Khai, phường Đa Kao, quận 1, TPHCM', '038256804', 'tonghop@nxbhcm.com.vn', 'abc');
Call sp_Suppliers_insert ('NXB Văn Học', '18 Nguyễn Trường Tộ - Ba Đình - Hà Nội', '02437163409', 'info@nxbvanhoc.com.vn', 'abc');
Call sp_Suppliers_insert ('NXB Đà Nẵng', 'Số 3 đường 30 tháng 4, P.Hòa Cường Bắc, Q.Hải Châu, TP.Đà Nẵng', '02363797814', 'xuatban@nxbdanang.vn', 'abc');
Call sp_Suppliers_insert ('NXB Văn hóa - Văn nghệ', 'Số 88-90 đường Ký Con, phường Nguyễn Thái Bình, Quận 1, Tp.HCM', '02838216009', 'nxbvhvn@nxbvanhoavannghe.org.vn', 'abc');
Call sp_Suppliers_insert ('NXB Dân Trí', 'Số 347 Đội Cấn, quận Ba Đình, Hà Nội', '0466860751', 'nxbdantri@gmail.com', 'abc');
Call sp_Suppliers_insert ('NXB Thanh Niên', '64 Bà Triệu, Hoàn Kiếm, Hà Nội', ' 0462631720', 'thanhnien@gmail.com', 'abc');
Call sp_Suppliers_insert ('NXB Hội Nhà Văn', 'Số 65 Nguyễn Du, Quận Hai Bà Trưng, thành phố Hà Nội', '024382 22135', 'nxbhoinhavan65@gmail.com', 'abc');
Call sp_Suppliers_insert ('NXB Lao Động', '175 Giảng Võ, Q. Đống Đa, Hà Nội', '0438515380', 'nxblaodong@vnn.vn', 'abc');
Call sp_Suppliers_insert ('NXB Phụ Nữ Việt Nam', '39 Hàng Chuối, Q. Hai Bà Trưng, Hà Nội', '02439710717', 'truyenthongvaprnxbpn@gmail.com', 'abc');


-- Customers
Call sp_Customers_insert ('Nguyễn Khoa', 'customers/Cus01.jpg', 'nguyenkhoa@gmail.com', '5/62 Nơ Trang Long,  P.7,  Bình Thạnh,  TPHCM', '0933248786', '123', 'abc');
Call sp_Customers_insert ('Trương Hoàng Anh', 'customers/Cus02.jpg', 'hoanganh@gmail.com', '24 Đường số 1,  P.Bình Trị Đông B,  Q.Bình Thạnh', '0913909009', '123', 'abc');
Call sp_Customers_insert ('Châu Quang Ngọc', 'customers/Cus03.jpg', 'quangngoc@gmail.com', '146 Lầu 4 Hùng Vương,  F.12,  Q.5', '0913909009', '123', 'abc');
Call sp_Customers_insert ('Nguyễn Văn Huy', 'customers/Cus04.jpg', 'vanhuy@gmail.com', '21 Đường 28,  KP4, P.Hiệp Bình Chánh,  Q.Thủ Đức,  TP.HCM', '0913909009', '123', 'abc');
Call sp_Customers_insert ('Lê Hữu Từ', 'customers/Cus05.jpg', 'huutu@gmail.com', '20/28/4 Hồ Đắc Di,  P.Tây Thạnh Q. Tân Phú TPHCM', '0903666717', '123', 'abc');
Call sp_Customers_insert ('Vũ Hoàng Quốc Tuấn', 'customers/Cus06.jpg', 'quoctuan@gmail.com', '269 H Đông Hưng Thuận Q.12 TP.HCM', '0903946484', '123', 'abc');
Call sp_Customers_insert ('Trần Tăng Phi Oanh', 'customers/Cus07.jpg', 'phioanh@gmail.com', '445 Huỳnh Văn Bánh,  Q.13 Q.Phú Nhuận', '0918549645', '123', 'abc');
Call sp_Customers_insert ('Đặng Huỳnh Chí Công', 'customers/Cus08.jpg', 'chicong@gmail.com', '84 Lương Đình Của,  P.Thủ Thiêm Q.2 TP.HCM', '0913928085', '123', 'abc');
Call sp_Customers_insert ('Lê Văn Dũng', 'customers/Cus09.jpg', 'vandung@gmail.com', '372/12A Lê Đức Thọ,  P.16,  Q.Gò Vấp,  TP.HCM', '0909223316', '123', 'abc');
Call sp_Customers_insert ('Đinh Chí Dũng', 'customers/Cus10.jpg', 'chidung@gmail.com', '157 Hậu Giang,  P.5,  Q.6,  TP.HCM', '0913731693', '123', 'abc');
Call sp_Customers_insert ('Võ Văn Sơn', 'customers/Cus11.jpg', 'vanson@gmail.com', '76/25 Phan Tây Hồ,  P.7,  Q.Phú Nhuận', '0903804735', '123', 'abc');
Call sp_Customers_insert ('Đỗ Hữu Lâm', 'customers/Cus12.jpg', 'huulam@gmail.com', '35 Đường 39,  P.Bình Thuận,  Q.7,  TP.HCM', '0903824188', '123', 'abc');
Call sp_Customers_insert ('Phạm Quang Trí', 'customers/Cus13.jpg', 'quangtri@gmail.com', '159D Nguyễn Hữu Cảnh,  F.22,  Q.BT', '0919872978', '123', 'abc');
Call sp_Customers_insert ('Trần Văn Hiển', 'customers/Cus14.jpg', 'vanhien@gmail.com', '758 Điện Biên Phủ,  P.10 Q.5 HCM', '0908001188', '123', 'abc');
Call sp_Customers_insert ('Nguyễn Đăng Trình', 'customers/Cus15.jpg', 'dangtrinh@gmail.com', '24 Nguyễn Trãi,  Nha Trang,  Khánh Hòa', '0903862666', '123', 'abc');
Call sp_Customers_insert ('Võ Hoàng Thu', 'customers/Cus16.jpg', 'hoangthu@gmail.com', '509 An Dương Vương,  P.8,  Q.5,  TP. HCM', '0903855977', '123', 'abc');
Call sp_Customers_insert ('Nguyễn Thái Học', 'customers/Cus17.jpg', 'thaihoc@gmail.com', '196 - 198 Hưng Phú,  P.8,  TP. HCM', '0903806501', '123', 'abc');
Call sp_Customers_insert ('Bùi Văn Vượng', 'customers/Cus18.jpg', 'vanvuong@gmail.com', '196 - 198 Hưng Phú,  P.8,  TP. HCM', '0913967269', '123', 'abc');
Call sp_Customers_insert ('Trần Trung Chính', 'customers/Cus19.jpg', 'trungchinh@gmail.com', '477/22 Âu Cơ,  P. Phú Trung,  Q. Tân Phú,  TP. HCM', '0903709348', '123', 'abc');
Call sp_Customers_insert ('Trần Thúy Diệp', 'customers/Cus20.jpg', 'thuydiep@gmail.com', '1/9 Hồ Thị Kỷ,  F1,  Q10,  TP. HCM', '0907364489', '123', 'abc');
Call sp_Customers_insert ('Võ Việt Thắng', 'customers/Cus21.jpg', 'vietthang@gmail.com', '509 An Dương Vương,  P8,  Q5,  TP.HCM', '0908053969', '123', 'abc');
Call sp_Customers_insert ('Trần Thị Mai Hương', 'customers/Cus22.jpg', 'maihuong@gmail.com', '372/12A Lê Đức Thọ,  P16,  Q.Gò Vấp,  TP.HCM', '0989053509', '123', 'abc');
Call sp_Customers_insert ('Trương Kế Toàn', 'customers/Cus23.jpg', 'ketoan@gmail.com', '509 An Dương Vương,  P8,  Q5,  TP.HCM', '0918695631', '123', 'abc');
Call sp_Customers_insert ('Nguyễn Thị Tuyết Mai', 'customers/Cus24.jpg', 'tuyetmai@gmail.com', 'B6 Đường 672 P. Phước Long B,  Q9,  TP.HCM', '0907120858', '123', 'abc');
Call sp_Customers_insert ('Hoàng Ngọc Lan', 'customers/Cus25.jpg', 'ngoclan@gmail.com', '2/15B Trần Nhân Tôn,  F2,  Q.10,  TP.HCM', '0903744478', '123', 'abc');
Call sp_Customers_insert ('Trần Thị Thu Thanh', 'customers/Cus26.jpg', 'thuthanh@gmail.com', '65C1 KP4,  đường 11,  Linh Xuân,  Thủ Đức,  Tp.HCM', '0908168368', '123', 'abc');
Call sp_Customers_insert ('Cao Xuân Khánh', 'customers/Cus27.jpg', 'xuankhanh@gmail.com', '97/5/18D Phùng Tá Chu,  F An Lạc,  Q BT,  TP.HCM', '0903608545', '123', 'abc');
Call sp_Customers_insert ('Hồ Hữu Huy', 'customers/Cus28.jpg', 'huuhuy@gmail.com', '315 Khu Phố 2 - Thị trấn Hóc Môn - TP.HCM', '0903885157', '123', 'abc');
Call sp_Customers_insert ('Bùi Thanh Phong', 'customers/Cus29.jpg', 'thanhphong@gmail.com', '39 Bến Phú Định,  F16,  Q8,  HCM', '0908113307', '123', 'abc');
Call sp_Customers_insert ('Nguyễn Thị Hạnh Liên', 'customers/Cus30.jpg', 'hanhlien@gmail.com', '93/10/9 Trần Thái Tông,  P15,  Q.Tân Bình,  HCM', '0913822191', '123', 'abc');
Call sp_Customers_insert ('Lê An Bình', 'customers/Cus31.jpg', 'anbinh@gmail.com', '155 Ký Con,  P.Nguyễn Thái Bình,  Q.1,  TPHCM', '0908137369', '123', 'abc');
Call sp_Customers_insert ('Lê Hoàng Tuyên', 'customers/Cus32.jpg', 'hoangtuyen@gmail.com', '27 Quân Sự,  F.11,  Q.11,  TPHCM', '0903944657', '123', 'abc');
Call sp_Customers_insert ('Bùi Hồng Thiên Kha', 'customers/Cus33.jpg', 'thienkha@gmail.com', '71 Bis Cư xá đô thành,  F.4,  Q.3,  TPHCM', '0988956720', '123', 'abc');
Call sp_Customers_insert ('Nguyễn Văn Chánh', 'customers/Cus34.jpg', 'vanchanh@gmail.com', '117 Cộng Hòa,  F.12,  Q.TB,  TPHCM', '0908343823', '123', 'abc');
Call sp_Customers_insert ('Nguyễn Thị Xuân Hồng', 'customers/Cus35.jpg', 'xuanhong@gmail.com', '480/27 Nguyễn Tri Phương,  F.9,  Q.10,  TPHCM', '0919081945', '123', 'abc');
Call sp_Customers_insert ('Lê Thị Ánh Bích', 'customers/Cus36.jpg', 'anhbich@gmail.com', '173/7 Lê Thị Bạch Cát, F.11,  Q.11,  TPHCM', '0908002720', '123', 'abc');
Call sp_Customers_insert ('Đào Minh Ngọc', 'customers/Cus37.jpg', 'minhngoc@gmail.com', '67/18/16 Bờ Bao Tân Thắng,  F. Sơn Kỳ,  Q.TP,  TPHCM', '0913765447', '123', 'abc');
Call sp_Customers_insert ('Nguyễn Thị Xuân Dung', 'customers/Cus38.jpg', 'xuandung@gmail.com', '29 Nguyễn Đình Chiểu,  F Đa Kao,  Q.1,  TPHCM', '0918212213', '123', 'abc');
Call sp_Customers_insert ('Vũ Hồng Thuỷ', 'customers/Cus39.jpg', 'hongthuy@gmail.com', 'B16 Mỹ Gia 1,  Phú Mỹ Hưng,  Q.7,  TPHCM', '0903341555', '123', 'abc');
Call sp_Customers_insert ('Võ Thị Minh Nguyệt', 'customers/Cus40.jpg', 'minhnguyet@gmail.com', '‘123’/13 đường số 3,  KP II,  F. Bình Hưng Hòa,  Q.BT,  TPHCM', '0913161106', '123', 'abc');
Call sp_Customers_insert ('Vũ Thúy Diệp', 'customers/Cus41.jpg', 'thuydiep@gmail.com', '122/1/1 Lê Văn Thọ,  F.11,  Q.GV,  TPHCM', '0903637408', '123', 'abc');
Call sp_Customers_insert ('Nguyễn Xuân Lý', 'customers/Cus42.jpg', 'xuanly@gmail.com', '89/10 Khuông Việt, F.Phú Trung,  Q.TP,  TPHCM', '0903623457', '123', 'abc');
Call sp_Customers_insert ('Đỗ Thị Thu Thủy', 'customers/Cus43.jpg', 'thuthuy@gmail.com', '2B/8 Bạch Đằng,  F.2,  Q.TB,  TPHCM', '0913717344', '123', 'abc');
Call sp_Customers_insert ('Phạm Thị Mỹ Nhung', 'customers/Cus44.jpg', 'mynhung@gmail.com', '43 đường 909 Tạ Quang Biểu,  F.5,  Q.8,  TPHCM', '0903739032', '123', 'abc');
Call sp_Customers_insert ('Lê Thị Diệu Ngọc', 'customers/Cus45.jpg', 'dieungoc@gmail.com', '159/19/6 Bạch Đằng,  F.2,  Q.TB,  TPHCM', '0913764810', '123', 'abc');
Call sp_Customers_insert ('Lưu Thúy Châu', 'customers/Cus46.jpg', 'thuychau@gmail.com', 'C4 Lầu 22 C/C Phúc Thịnh,  341 Cao Đạt,  F.1,  Q.5,  TPHCM', '0903623457', '123', 'abc');
Call sp_Customers_insert ('Nguyễn Thị Thúy Hằng', 'customers/Cus47.jpg', 'thuyhang@gmail.com', '441/5B Nguyễn Đình Chiểu,  F.5,  Q.3,  TPHCM', '0903985522', '123', 'abc');
Call sp_Customers_insert ('Lý Thị Thùy Trang', 'customers/Cus48.jpg', 'thuytrang@gmail.com', '561/128 Lê Quang Định,  F.1,  Q.GV,  TPHCM', '0918032368', '123', 'abc');
Call sp_Customers_insert ('Trần Thị Bích Thủy', 'customers/Cus49.jpg', 'bichthuy@gmail.com', 'NH TMCP Sài Gòn 101 Hoàng Văn Thụ,  F.9,  Q.PN,  TPHCM', '0908031500', '123', 'abc');
Call sp_Customers_insert ('Lê Thị Phương Trâm', 'customers/Cus50.jpg', 'phuongtram@gmail.com', '3B-2-2-5 Chung Cư Mỹ Viên,  Nguyễn Lương Bằng,  F.TÂn Phú,  Q.7,  TPHCM', '0983004036', '123', 'abc');


insert into HistoryPoints(CustomerID, Date, Point) value('Customer-01', '2020-1-4', 300);
insert into HistoryPoints(CustomerID, Date, Point) value('Customer-02', '2020-2-7', 600);
insert into HistoryPoints(CustomerID, Date, Point) value('Customer-03', '2020-2-27', 900);
insert into HistoryPoints(CustomerID, Date, Point) value('Customer-04', '2020-2-9', 1000);
insert into HistoryPoints(CustomerID, Date, Point) value('Customer-05', '2020-3-17', 250);
insert into HistoryPoints(CustomerID, Date, Point) value('Customer-06', '2020-3-22', 100);
insert into HistoryPoints(CustomerID, Date, Point) value('Customer-07', '2020-4-4', 300);
insert into HistoryPoints(CustomerID, Date, Point) value('Customer-08', '2020-6-9', 750);
insert into HistoryPoints(CustomerID, Date, Point) value('Customer-09', '2020-6-12', 350);
insert into HistoryPoints(CustomerID, Date, Point) value('Customer-010', '2020-6-17', 150);
insert into HistoryPoints(CustomerID, Date, Point) value('Customer-011', '2020-6-29', 400);
insert into HistoryPoints(CustomerID, Date, Point) value('Customer-012', '2020-7-23', 450);
insert into HistoryPoints(CustomerID, Date, Point) value('Customer-013', '2020-7-30', 550);
insert into HistoryPoints(CustomerID, Date, Point) value('Customer-014', '2020-8-10', 600);
insert into HistoryPoints(CustomerID, Date, Point) value('Customer-015', '2020-8-15', 750);
insert into HistoryPoints(CustomerID, Date, Point) value('Customer-016', '2020-8-25', 300);
insert into HistoryPoints(CustomerID, Date, Point) value('Customer-017', '2020-1-7', 700);
insert into HistoryPoints(CustomerID, Date, Point) value('Customer-018', '2020-1-29', 100);
insert into HistoryPoints(CustomerID, Date, Point) value('Customer-019', '2020-2-8', 750);
insert into HistoryPoints(CustomerID, Date, Point) value('Customer-020', '2020-2-19', 750);
insert into HistoryPoints(CustomerID, Date, Point) value('Customer-021', '2020-3-25', 650);
insert into HistoryPoints(CustomerID, Date, Point) value('Customer-022', '2020-3-27', 350);
insert into HistoryPoints(CustomerID, Date, Point) value('Customer-023', '2020-3-30', 850);
insert into HistoryPoints(CustomerID, Date, Point) value('Customer-024', '2020-4-11', 600);
insert into HistoryPoints(CustomerID, Date, Point) value('Customer-025', '2020-4-27', 400);
insert into HistoryPoints(CustomerID, Date, Point) value('Customer-026', '2020-5-24', 300);
insert into HistoryPoints(CustomerID, Date, Point) value('Customer-027', '2020-5-14', 250);
insert into HistoryPoints(CustomerID, Date, Point) value('Customer-028', '2020-7-6', 200);
insert into HistoryPoints(CustomerID, Date, Point) value('Customer-029', '2020-7-13', 650);
insert into HistoryPoints(CustomerID, Date, Point) value('Customer-030', '2020-7-4', 300);
insert into HistoryPoints(CustomerID, Date, Point) value('Customer-031', '2020-7-9', 850);
insert into HistoryPoints(CustomerID, Date, Point) value('Customer-032', '2020-7-12', 650);
insert into HistoryPoints(CustomerID, Date, Point) value('Customer-033', '2020-7-28', 300);
insert into HistoryPoints(CustomerID, Date, Point) value('Customer-034', '2020-7-30', 900);
insert into HistoryPoints(CustomerID, Date, Point) value('Customer-035', '2020-8-1', 450);
insert into HistoryPoints(CustomerID, Date, Point) value('Customer-036', '2020-8-5', 350);
insert into HistoryPoints(CustomerID, Date, Point) value('Customer-037', '2020-4-16', 700);
insert into HistoryPoints(CustomerID, Date, Point) value('Customer-038', '2020-4-20', 800);
insert into HistoryPoints(CustomerID, Date, Point) value('Customer-039', '2020-6-24', 600);
insert into HistoryPoints(CustomerID, Date, Point) value('Customer-040', '2020-6-17', 750);
insert into HistoryPoints(CustomerID, Date, Point) value('Customer-041', '2020-7-17', 150);
insert into HistoryPoints(CustomerID, Date, Point) value('Customer-042', '2020-3-4', 100);
insert into HistoryPoints(CustomerID, Date, Point) value('Customer-043', '2020-3-30', 800);
insert into HistoryPoints(CustomerID, Date, Point) value('Customer-044', '2020-2-15', 400);
insert into HistoryPoints(CustomerID, Date, Point) value('Customer-045', '2020-7-22', 250);
insert into HistoryPoints(CustomerID, Date, Point) value('Customer-046', '2020-7-29', 700);
insert into HistoryPoints(CustomerID, Date, Point) value('Customer-047', '2020-5-30', 800);
insert into HistoryPoints(CustomerID, Date, Point) value('Customer-048', '2020-5-11', 300);
insert into HistoryPoints(CustomerID, Date, Point) value('Customer-049', '2020-5-18', 250);
insert into HistoryPoints(CustomerID, Date, Point) value('Customer-050', '2020-6-24', 100);

insert into Levels(Point, Name) value(0, 'Đồng');
insert into Levels(Point, Name) value(150, 'Bạc');
insert into Levels(Point, Name) value(350, 'Vàng');
insert into Levels(Point, Name) value(650, 'Bạch kim');
insert into Levels(Point, Name) value(1000, 'Kim cương');


insert into Methods(MethodName, Note) value('Tiền mặt', '');
insert into Methods(MethodName, Note) value('Chuyển khoản', '');

-- ===================================================================================
Call sp_Staffs_insert ('Nguyễn Đặng Hải Thanh', 'staffs-Staff01.jpg', 'HaiThanh', '123', 1, 'haithanh@gmail.com', '1994-12-01', '5-62 Nơ Trang Long,  P.7,  Bình Thạnh,  TPHCM', '0933248786', 15000000, 'Depart-01', 'abc');
Call sp_Staffs_insert ('Trần Quang Huy', 'staffs-Staff02.jpg', 'QuangHuy', '123', 0, 'quanghuy@gmail.com', '1990-4-28', '24 Đường số 1,  P.Bình Trị Đông B,  Q.Bình Thạnh', '0913909009', 10000000, 'Depart-01', 'abc');
Call sp_Staffs_insert ('Trương Tiến Dũng', 'staffs-Staff03.jpg', 'TienDung', '123', 0, 'tiendung@gmail.com', '1995-11-23', '146 Lầu 4 Hùng Vương,  F.12,  Q.5', '0913909009', 9000000, 'Depart-01', 'abc');
Call sp_Staffs_insert ('Lê Trọng Khang', 'staffs-Staff04.jpg', 'TrongKhang', '123', 0, 'trongkhang@gmail.com', '1994-12-12', '21 Đường 28,  KP4, P.Hiệp Bình Chánh,  Q.Thủ Đức,  TP.HCM', '0913909009', 9000000, 'Depart-01', 'abc');
Call sp_Staffs_insert ('Lê Việt Thắng', 'staffs-Staff05.jpg', 'VietThang', '123', 1, 'vietthang@gmail.com', '1995-5-23', '20-28-4 Hồ Đắc Di,  P.Tây Thạnh Q. Tân Phú TPHCM', '0903666717', 20000000, 'Depart-03', 'abc');
Call sp_Staffs_insert ('Bùi Ngọc Quang', 'staffs-Staff06.jpg', 'NgocQuang', '123', 0, 'ngocquang@gmail.com', '1997-10-10', '269 H Đông Hưng Thuận Q.12 TP.HCM', '0903946484', 9000000, 'Depart-01', 'abc');
Call sp_Staffs_insert ('Vũ Thị Tuyết Hà', 'staffs-Staff07.jpg', 'TuyetHa', '123', 1, 'tuyetha@gmail.com', '1996-2-3', '445 Huỳnh Văn Bánh,  Q.13 Q.Phú Nhuận', '0918549645', 17000000, 'Depart-02', 'abc');
Call sp_Staffs_insert ('Lê Văn Bình', 'staffs-Staff08.jpg', 'VanBinh', '123', 1, 'vanbinh@gmail.com', '1993-1-5', '84 Lương Đình Của,  P.Thủ Thiêm Q.2 TP.HCM', '0913928085', 19000000, 'Depart-04', 'abc');
Call sp_Staffs_insert ('Đoàn Ngọc Danh', 'staffs-Staff09.jpg', 'NgocDanh', '123', 0, 'ngocdanh@gmail.com', '1996-11-11', '372-12A Lê Đức Thọ,  P.16,  Q.Gò Vấp,  TP.HCM', '0909223316', 12000000, 'Depart-04', 'abc');
Call sp_Staffs_insert ('Trương Quang Nhật', 'staffs-Staff10.jpg', 'QuangNhat', '123', 0, 'quangnhat@gmail.com', '1993-10-7', '157 Hậu Giang,  P.5,  Q.6,  TP.HCM', '0913731693', 12000000, 'Depart-03', 'abc');
Call sp_Staffs_insert ('Nguyễn Thanh Hải', 'staffs-Staff11.jpg', 'ThanhHai', '123', 0, 'thanhhai@gmail.com', '1991-3-22', '76-25 Phan Tây Hồ,  P.7,  Q.Phú Nhuận', '0903804735', 16000000, 'Depart-02', 'abc');
Call sp_Staffs_insert ('Trần Thành Đạt', 'staffs-Staff12.jpg', 'ThanhDat', '123', 0, 'thanhdat@gmail.com', '1996-9-13', '35 Đường 39,  P.Bình Thuận,  Q.7,  TP.HCM', '0903824188', 16000000, 'Depart-02', 'abc');
Call sp_Staffs_insert ('Nguyễn Ngọc Minh', 'staffs-Staff13.jpg', 'NgocMinh', '123', 0, 'ngocminh@gmail.com', '1991-6-6', '159D Nguyễn Hữu Cảnh,  F.22,  Q.BT', '0919872978', 13000000, 'Depart-04', 'abc');
Call sp_Staffs_insert ('Hoàng Quyết Thắng', 'staffs-Staff14.jpg', 'QuyetThang', '123', 0, 'quyetthang@gmail.com', '1999-7-3', '758 Điện Biên Phủ,  P.10 Q.5 HCM', '0908001188', 13000000, 'Depart-04', 'abc');
Call sp_Staffs_insert ('Lương Đỗ Đoàn', 'staffs-Staff15.jpg', 'DoDoan', '123', 0, 'dodoan@gmail.com', '1994-4-26', '24 Nguyễn Trãi,  Nha Trang,  Khánh Hòa', '0903862666', 10000000, 'Depart-04', 'abc');
Call sp_Staffs_insert ('Lê Song Quảng', 'staffs-Staff16.jpg', 'SongQuang', '123', 0, 'songquang@gmail.com', '1994-11-19', '509 An Dương Vương,  P.8,  Q.5,  TP. HCM', '0903855977', 10000000, 'Depart-04', 'abc');
Call sp_Staffs_insert ('Trần Tấn Thiện', 'staffs-Staff17.jpg', 'TanThien', '123', 0, 'tanthien@gmail.com', '1991-1-1', '196 - 198 Hưng Phú,  P.8,  TP. HCM', '0903806501', 10000000, 'Depart-03', 'abc');
Call sp_Staffs_insert ('Huỳnh Minh Tấn', 'staffs-Staff18.jpg', 'MinhTan', '123', 0, 'minhtan@gmail.com', '1995-9-22', '196 - 198 Hưng Phú,  P.8,  TP. HCM', '0913967269', 10000000, 'Depart-03', 'abc');
Call sp_Staffs_insert ('Trần Bá Tuấn', 'staffs-Staff19.jpg', 'BaTuan', '123', 0, 'batuan@gmail.com', '1990-6-27', '477-22 Âu Cơ,  P. Phú Trung,  Q. Tân Phú,  TP. HCM', '0903709348', 11000000, 'Depart-03', 'abc');
Call sp_Staffs_insert ('Trần Thị Tuyết Nhung', 'staffs-Staff20.jpg', 'TuyetNhung', '123', 0, 'tuyetnhung@gmail.com', '1996-5-3', '1-9 Hồ Thị Kỷ,  F1,  Q10,  TP. HCM', '0907364489', 11000000, 'Depart-03', 'abc');



Call sp_Books_insert('Là Người Phụ Nữ Như Tôi Mong Muốn', 'bk001.jpg', 'Câu chuyện cuộc đời của nữ cường nhân đình đám trong làng thời trang thế giới', 'Categorie-07', 'Author-050', 'abc');
Call sp_Books_insert('Rock Hà Nội, Bolero Sài Gòn - Câu Chuyện Tân Nhạc Việt Nam', 'bk002.jpg', 'Câu chuyện tân nhạc Việt Nam hé mở những hiện tượng và cột mốc của âm nhạc dưới góc nhìn độc đáo, tỉ mỉ và mê say của một nhà nghiên cứu độc lập người Mỹ.', 'Categorie-07', 'Author-049', 'abc');
Call sp_Books_insert('Thực Hành Giáo Dục Nhân Cách', 'bk003.jpg','THỰC HÀNH GIÁO DỤC NHÂN CÁCH là một cuốn cẩm nang đơn giản nhưng hữu ích, dành cho các bậc phụ huynh, giáo viên mầm non', 'Categorie-05', 'Author-048', 'abc');
Call sp_Books_insert('Phát triển khả năng sáng tạo', 'bk004.jpg', 'Bộ sách Phát Triển Trí Tuệ Của Trẻ Qua Trò Chơi Dán Hình (4-6 tuổi) giúp trẻ phát triển khả năng Sáng tạo, Toán học, Ngôn Ngữ, Tư duy', 'Categorie-05', 'Author-047', 'abc');
Call sp_Books_insert('Phát Triển Khả Năng Toán Học', 'bk005.jpg', 'Bộ sách Phát Triển Trí Tuệ Của Trẻ Qua Trò Chơi Dán Hình (4-6 tuổi) giúp trẻ phát triển khả năng Sáng tạo, Toán học, Ngôn Ngữ, Tư duy', 'Categorie-05', 'Author-047', 'abc');
Call sp_Books_insert('Bé Ngoan Rèn Thói Quen Tốt: Học Cách Tập Trung - Grace Said Focus', 'bk006.jpg', 'How can we stay focused on everything?', 'Categorie-07', 'Author-046', 'abc');
Call sp_Books_insert('Bé Ngoan Rèn Thói Quen Tốt: Học Cách Kiên Trì - Grace Said Persistence', 'bk007.jpg', 'Dont give up until reaching your goal!', 'Categorie-07', 'Author-046', 'abc');
Call sp_Books_insert('Bản Thiết Kế Vĩ Đại', 'bk008.jpg', 'Nội dung cuốn sách, như tác giả nói ngay từ dòng đầu tiên của chương một, là chuyện “Bí ẩn của kiếp nhân sinh”', 'Categorie-08', 'Author-045', 'abc');
Call sp_Books_insert('Vũ Trụ Trong Vỏ Hạt Dẻ', 'bk009.jpg', 'Trong quyển “Vũ trụ trong vỏ hạt dẻ”, Stephen Hawking đưa chúng ta đến khía cạnh nổi trội của vật lý lý thuyết, ở đó sự thất thường còn lạ lùng hơn hư cấu, để giảng giải - bằng ngôn ngữ bình thường', 'Categorie-08', 'Author-045', 'abc');
Call sp_Books_insert('Stephen Hawking - Một Trí Tuệ Không Giới Hạn', 'bk010.jpg', 'Một quyển sách phù hợp cho những độc giả yêu thích bộ môn khoa học vũ trụ, hay vẫn luôn dõi theo những tấm gương vượt khó.', 'Categorie-08', 'Author-045', 'abc');
Call sp_Books_insert('Ung Thư - Tin Đồn & Sự Thật', 'bk011.jpg', 'qua cuốn sách Ung thư: Tin đồn và Sự thật, đội ngũ các bác sĩ, nhà khoa học trong nhóm Ruy Băng Tím sẽ lý giải cho những tin đồn đang lan truyền hiện nay', 'Categorie-07', 'Author-044', 'abc');
Call sp_Books_insert('Robot-Proof: Higher Education in the Age of Artificial Intelligence', 'bk012.jpg', 'How to educate the next generation of college students to invent, to create, and to discover—filling needs that even the most sophisticated robot cannot.', 'Categorie-08', 'Author-043', 'abc');
Call sp_Books_insert('The Order of Time', 'bk013.jpg', 'From the bestselling author of Seven Brief Lessons on Physics, comes a concise, elegant exploration of time.	', 'Categorie-07', 'Author-042', 'abc');
Call sp_Books_insert('Reality Is Not What It Seems: The Journey to Quantum Gravity', 'bk014.jpg', 'From the New York Times–bestselling author of Seven Brief Lessons on Physics and The Order of Time, a closer look at the mind-bending nature of the universe.', 'Categorie-01', 'Author-042', 'abc');
Call sp_Books_insert('Amazing Truths: How Science and the Bible Agree', 'bk015.jpg', 'Dr. Michael Guillen, former ABC News Science Editor and Harvard physics instructor, is host of the History Channels Where Did It Come From?', 'Categorie-08', 'Author-041', 'abc');
Call sp_Books_insert('Khoa Học Khám Phá - 5 Phương Trình Làm Thay Đổi Thế Giới', 'bk016.jpg', 'Cuốn sách mô tả về năm phương trình nổi tiếng có sức chuyển động thế giới', 'Categorie-08', 'Author-041', 'abc');
Call sp_Books_insert('Chiến Tranh Tiền Tệ - Ai Thực Sự Là Người Giàu Nhất Thế Giới?', 'bk017.jpg', 'Một cuốn sách bổ ích cho các chuyên gia quản lý tài chính, các nhà quản trị doanh nghiệp, các nhà đầu tư nhỏ, các giáo viên giảng dạy về tài chính – ngân hàng cũng như sinh viên các trường kinh tế', 'Categorie-04', 'Author-040', 'abc');
Call sp_Books_insert('Dám Bị Ghét', 'bk018.jpg', 'TẠI SAO BẠN CỨ PHẢI SỐNG THEO KHUÔN MẪU NGƯỜI KHÁC ĐẶT RA?', 'Categorie-02', 'Author-039', 'abc');
Call sp_Books_insert('Dám Hạnh Phúc', 'bk019.jpg', 'Chỉ có điều, chúng ta không thể hưởng thụ hạnh phúc nếu chỉ đứng yên tại chỗ. Cần phải tiếp tục tiến bước trên con đường mình đã đặt chân lên', 'Categorie-02', 'Author-039', 'abc');
Call sp_Books_insert('Đọc Vị Bất Kỳ Ai', 'bk020.jpg', 'ĐỌC người khác là một trong những công cụ quan trọng, có giá trị nhất, giúp ích cho bạn trong mọi khía cạnh của cuộc sống', 'Categorie-02', 'Author-038', 'abc');
Call sp_Books_insert('Sang Chấn Tâm Lý - Hiểu Để Chữa Lành', 'bk021.jpg', 'Một tác phẩm kinh điển của tâm thần học hiện đại, là một công trình khoa học công phu và nghiêm túc, trải rộng trên nhiều lĩnh vực - tâm lý học thần kinh, tâm lý học phát triển, tâm bệnh học, tâm lý trị liệu', 'Categorie-01', 'Author-037', 'abc');
Call sp_Books_insert('Từ Tốt Đến Vĩ Đại - Jim Collins', 'bk022.jpg', 'Mỗi kết luận của nhóm nghiên cứu đều hữu ích, vượt thời gian, ý nghĩa vô cùng to lớn đối với mọi lãnh đạo và quản lý ở mọi loại hình công ty', 'Categorie-07', 'Author-036', 'abc');
Call sp_Books_insert('How The Mighty Fall: And Why Some Companies Never Give In', 'bk023.jpg', 'Decline can be avoided. Decline can be detected. Decline can be reversed.', 'Categorie-04', 'Author-036', 'abc');
Call sp_Books_insert('Vĩ Đại Do Lựa Chọn', 'bk024.jpg', 'Họ sống và làm việc theo ba yếu tố cân bằng nhau: kiên định với nguyên tắc, sáng tạo theo kinh nghiệm và biết sợ hãi một cách hữu ích.', 'Categorie-02', 'Author-036', 'abc');
Call sp_Books_insert('Giáo Trình Kỹ Thuật Chuyển Mạch Số', 'bk025.jpg', 'Kỹ thuật viễn thông là một ngành đã phát triển rất mạnh mẽ trong những năm gần đây...', 'Categorie-06', 'Author-035', 'abc');
Call sp_Books_insert('Giáo Trình Mạch Điện Tử Cơ Bản', 'bk026.jpg', 'Mạch điện tử cơbản là giáo trình được biên soạn theo đề cương do Sở Giáo dục và Đào tạo thành phố xây dựng và thông qua...', 'Categorie-06', 'Author-035', 'abc');
Call sp_Books_insert('Thơ Hồ Thế Hà & Giấc Mơ Cỏ Hát - Chuyên Luận', 'bk027.jpg', 'Nhà thơ Hồ Thế Hà sinh ngày 10-6-1955 tại Tỉnh Bình Định, nước Việt Nam...', 'Categorie-03', 'Author-034', 'abc');
Call sp_Books_insert('Ông Già Và Biển Cả ', 'bk028.jpg', 'Tác phẩm ca ngợi niềm tin, sức lao động và khát vọng của con người...', 'Categorie-03', 'Author-033', 'abc');
Call sp_Books_insert('Giã Từ Vũ Khí', 'bk029.jpg', 'Một cuốn tiểu thuyết bán tự truyện của nhà văn Ernest Hemingway viết năm 1929', 'Categorie-03', 'Author-033', 'abc');
Call sp_Books_insert('Atlat Địa Lí Việt Nam', 'bk030.jpg', 'Bản đồ Việt Nam', 'Categorie-06', 'Author-032', 'abc');
Call sp_Books_insert('Trước Vòng Chung Kết', 'bk031.jpg', 'Tràn ngập không khí bóng đá, không khí vỉa hè… đậm mùi hào hiệp, thượng võ....', 'Categorie-03', 'Author-031', 'abc');
Call sp_Books_insert('Thiên Thần Nhỏ Của Tôi ', 'bk032.jpg', 'Khi dọn về ngôi nhà mới, Kha có một cô bạn nghèo sống trong ngõ hẻm gần đó....', 'Categorie-03', 'Author-031', 'abc');
Call sp_Books_insert('Ticket To Childhood', 'bk033.jpg', 'The story of a man looking back on his life, Ticket to Childhood captures the texture of childhood in all of its richness...', 'Categorie-03', 'Author-031', 'abc');
Call sp_Books_insert('Vụ Án Lerouge', 'bk034.jpg', 'Một câu đố được bọc bên trong một bí ẩn. Một bí ẩn được bọc bên trong một bí ẩn khác. Hai người mẹ, hai đứa con trai, một người cha, một kẻ giết người...', 'Categorie-03', 'Author-030', 'abc');
Call sp_Books_insert('Tội Ác Ở Orcival', 'bk035.jpg', 'Một buổi sáng mùa hè ở Orcival, người ta phát hiện thi thể biến dạng của nữ bá tước Trémorel bên bờ sông Sein. Cách đó không xa lâu đài của nạn nhân bị xới tung, còn ngài bá tước thì biệt vô âm tín.', 'Categorie-03', 'Author-030', 'abc');
Call sp_Books_insert('Bước Đường Của Cải Lương', 'bk036.jpg', '“Tuy mới hình thành được gần 100 năm nhưng cải lương đã có một chỗ đứng trong lãnh vực âm nhạc cổ truyền Việt Nam”.', 'Categorie-07', 'Author-029', 'abc');
Call sp_Books_insert('Đường Tự Do Tài Chính', 'bk037.jpg', 'Bodo Schäfer đã viết trong cuốn sách này rằng: “GIÀU CÓ LÀ QUYỀN CỦA BẠN NGAY TỪ KHI CHÀO ĐỜI! ', 'Categorie-04', 'Author-028', 'abc');
Call sp_Books_insert('Bí quyết để thành đạt', 'bk038.jpg', 'Với những lời khuyên chân tình, bổ ích trong cuốn sách Bí quyết để thành đạt của Bodo Schaefer đồng thời cũng là tác giả của cuốn sách Cách làm giàu nổi tiếng bán chạy nhất ở châu Âu:', 'Categorie-04', 'Author-028', 'abc');
Call sp_Books_insert('Những Linh Hồn Chết', 'bk039.jpg', 'Những linh hồn chết là câu hỏi lớn mà Nikolai Gogol đặt ra không chỉ cho người Nga cùng thời với ông mà cho con người ở mọi nước, mọi thời:', 'Categorie-03', 'Author-027', 'abc');
Call sp_Books_insert('Le Nez/Le Manteau', 'bk040.jpg', '...', 'Categorie-03', 'Author-027', 'abc');
Call sp_Books_insert('Cuộc Trốn Chạy Của Josef Mengele', 'bk041.jpg', 'Những thứ còn tệ hơn cả cái chết...', 'Categorie-03', 'Author-026', 'abc');
Call sp_Books_insert('Chân Đi Không Mỏi', 'bk042.jpg', 'Campuchia trong tôi cứ như một cuốn sách mà không bao giờ tôi đọc hết, cũng chẳng bao giờ muốn đọc hết...', 'Categorie-03', 'Author-025', 'abc');
Call sp_Books_insert('Đếm Sao', 'bk043.jpg', 'Bạn có một cô bạn tuy chân ngắn nhưng vẫn cố gắng chạy cùng mình đến tận cuối phố không nào?', 'Categorie-05', 'Author-024', 'abc');
Call sp_Books_insert('Người Truyền Ký Ức ', 'bk044.jpg', 'Cho dù một ai đã từng đọc những lời giới thiệu ngắn gọn xung quanh cuốn sách, không đọc cũng không thể nào cảm nhận hết sự kỳ lạ của nó. Người truyền ký ức tuyệt vời ở trí tưởng tưởng và những thông điệp mang theo', 'Categorie-05', 'Author-024', 'abc');
Call sp_Books_insert('The Giver (Essential Modern Classics)', 'bk045.jpg', 'THE GIVER is the classic award-winning novel that inspired the dystopian genre and a major motion picture adaptation for 2014 starring Jeff Bridges, Meryl Streep, Katie Holmes and Taylor Swift.', 'Categorie-05', 'Author-024', 'abc');
Call sp_Books_insert('Sức Mạnh Của Ngôn Từ ', 'bk046.jpg', 'Để đạt được những điều bạn mong muốn, giao tiếp chính là chiếc chìa khóa đầu tiên', 'Categorie-02', 'Author-023', 'abc');
Call sp_Books_insert('Bác Hồ Với Công Việc Văn Phòng', 'bk047.jpg', 'Chủ tịch Hồ Chí Minh – Bác Hồ kính yêu của chúng ta là anh hùng dân tộc vĩ đại, nhà tư tưởng lỗi lạc, nhà văn hóa kiệt xuất và là tấm gương đạo đức ngời sáng.', 'Categorie-07', 'Author-022', 'abc');
Call sp_Books_insert('Trẻ Em Như Ngọc Như Gương - Cách Giáo Dục Dạy Trẻ Em Hiệu Quả Nhất', 'bk048.jpg', 'Các bậc cha mẹ nên thay đổi như thế nào để phù hợp với sự ra đời và lớn lên của đứa trẻ.', 'Categorie-05', 'Author-021', 'abc');
Call sp_Books_insert('Hai Vạn Dặm Dưới Biển', 'bk049.jpg', 'Hai Vạn Dặm Dưới Biển kể về câu chuyện thám hiểm đại dương của nhà bảo tàng học người Pháp, giáo sư PierreAronnax.', 'Categorie-03', 'Author-020', 'abc');
Call sp_Books_insert('80 Ngày Vòng Quanh Thế Giới ', 'bk050.jpg', 'Câu chuyện khoa học viễn tưởng dự đoán trước được tương lai.', 'Categorie-03', 'Author-020', 'abc');
Call sp_Books_insert('Ngọc Phương Nam', 'bk051.jpg', 'Ngọc Phương Nam lại chứa đựng một số phương diện hiếm thấy ở ngòi bút nhà văn vĩ đại của dòng văn chương khoa học viễn tưởng.', 'Categorie-03', 'Author-020', 'abc');
Call sp_Books_insert('Câu Chuyện Khoa Học: Chim Xây Tổ', 'bk052.jpg', 'Cuốn sách không chỉ giới thiệu cho trẻ biết về cuộc sống của loài chim mà còn giúp bé hiểu các khái niệm khoa học về lực kéo, lực đẩy…', 'Categorie-05', 'Author-019', 'abc');
Call sp_Books_insert('Câu Chuyện Khoa Học: Sâu Bướm Và Hạt Đậu', 'bk053.jpg', 'SÂU BƯỚM VÀ HẠT ĐẬU là cuốn sách giới thiệu đến độc giả nhỏ tuổi về sự phát triển và vòng đời của một con sâu bướm và một hạt đậu.', 'Categorie-05', 'Author-019', 'abc');
Call sp_Books_insert('Câu Chuyện Khoa Học: Bạn Cáo Trong Đêm', 'bk054.jpg', 'BẠN CÁO TRONG ĐÊM lại là một câu chuyện khoa học thú vị khác, các kiến thức khoa học được đề cập trong câu chuyện như sự thay đổi của bầu trời cũng như các hoạt động của con người, cây cối, con vật vào ban ngày và đêm.', 'Categorie-05', 'Author-019', 'abc');
Call sp_Books_insert('Bé Khám Phá Khoa Học Qua Truyện Đồng Thoại, Bốn Mùa Rực Rỡ - Mùa Thu, Mùa Thu Hoạch', 'bk055.jpg', 'Bộ “Bốn mùa rực rỡ” gồm 04 cuốn giúp trẻ nhận thức và cảm nhận được vẻ đẹp của từng mùa trong năm', 'Categorie-05', 'Author-018', 'abc');
Call sp_Books_insert('Bé Khám Phá Khoa Học Qua Truyện Đồng Thoại, Bốn Mùa Rực Rỡ - Mùa Đông Giá Lạnh', 'bk056.jpg', 'Bộ “Bốn mùa rực rỡ” gồm 04 cuốn giúp trẻ nhận thức và cảm nhận được vẻ đẹp của từng mùa trong năm', 'Categorie-05', 'Author-018', 'abc');
Call sp_Books_insert('Bé Khám Phá Khoa Học Qua Truyện Đồng Thoại, Bốn Mùa Rực Rỡ - Mùa Xuân Rộn Rã', 'bk057.jpg', 'Bộ “Bốn mùa rực rỡ” gồm 04 cuốn giúp trẻ nhận thức và cảm nhận được vẻ đẹp của từng mùa trong năm', 'Categorie-05', 'Author-018', 'abc');
Call sp_Books_insert('Brant Pinvidic', 'bk058.jpg', 'Vậy làm thế nào để thu hút và duy trì được sự chú ý của người nghe?', 'Categorie-01', 'Author-017', 'abc');
Call sp_Books_insert('Khéo Ăn Khéo Nói Sẽ Có Được Thiên Hạ', 'bk059.jpg', 'Khéo ăn nói giống như sở hữu loại “dầu bôi trơn” đảm bảo các mối quan hệ của bạn “vận hành” trơn tru. Không khéo ăn nói, gặp chuyện nhỏ mắc trở ngại, gặp chuyện lớn vấp thất bại.', 'Categorie-02', 'Author-016', 'abc');
Call sp_Books_insert('9 Nguyên Tắc Làm Một Người Chồng Tốt', 'bk060.jpg', '"Hôn nhân là nấm mồ của tình yêu”', 'Categorie-02', 'Author-016', 'abc');
Call sp_Books_insert('Nick Vujicic - Cuộc Sống Không Giới Hạn', 'bk061.jpg', 'Vốn dĩ cuộc sống thực sự không có giới hạn nào cả, chỉ cần bạn có đủ sức mạnh, ý chí và khả năng để chinh phục thì giới hạn cuộc sống vĩnh viễn nằm ở điểm vô cực.', 'Categorie-03', 'Author-015', 'abc');
Call sp_Books_insert('Love Without Limits: A Remarkable Story of True Love Conquering All', 'bk062.jpg', 'It Doesnt Take a Perfect Person to Find a Perfect Love Even though he was born without arms or legs, Nick Vujicic created a "ridiculously good life."', 'Categorie-03', 'Author-015', 'abc');
Call sp_Books_insert('Be The Hands And Feet', 'bk063.jpg', 'Nothing in life is as exciting and satisfying as introducing Jesus to people who have never met him.', 'Categorie-03', 'Author-015', 'abc');
Call sp_Books_insert('Hành Trình Đến Vô Cực - Cuộc Sống Của Tôi Với Stephen Hawking. Câu Chuyện Thực Sự Đằng Sau “Thuyết Vạn Vật”', 'bk064.jpg', 'Với một thiên tài khoa học như vậy lại trong một cơ thể không “bình thường” của ông thì cuộc sống ngoài khoa học của ông sẽ như thế nào? ', 'Categorie-03', 'Author-014', 'abc');
Call sp_Books_insert('Để Khát Vọng Dẫn Lối - Hành Trình Cậu Bé Bán Báo Trở Thành Lãnh Đạo Tập Đoàn Tỷ Đô', 'bk065.jpg', 'Một cuốn sách đáng đọc cho những người trân trọng nỗ lực tự thân', 'Categorie-04', 'Author-013', 'abc');
Call sp_Books_insert('Chuyện Tôi - Hồi Ức Của Con Trai Nhà Văn Nguyễn Huy Tưởng', 'bk066.jpg', 'Quyển sách là hồi ức của tác giả Nguyễn Huy Thắng, con trai nhà văn Nguyễn Huy Tưởng..', 'Categorie-0', 'Author-012', 'abc');
Call sp_Books_insert('Thời Khắc Tươi Đẹp', 'bk067.jpg', 'Một cuốn hồi ký tuyệt vời về sự sống và cái chết, từ nhà thơ Nina Riggs, mẹ của hai đứa con trai và hậu duệ trực hệ của tác gia Ralph Waldo Emerson.', 'Categorie-03', 'Author-011', 'abc');
Call sp_Books_insert('25 Mô Hình MBA Căn Bản', 'bk068.jpg', 'Chương trình Thạc sĩ Quản trị Kinh doanh (MBA) là một trong những chương trình cao học được tìm kiếm nhiều nhất tại Việt Nam cũng như trên thế giới.', 'Categorie-04', 'Author-010', 'abc');
Call sp_Books_insert('MBA Trong Quản Lý Kinh Doanh', 'bk069.jpg', 'à một người nuôi dưỡng khát khao khởi nghiệp, hoặc muốn đưa doanh nghiệp của mình tiến lên tầm cao mới, bạn không thể không trang bị những kiến thức mang tính nền tảng cho kinh doanh này.', 'Categorie-04', 'Author-010', 'abc');
Call sp_Books_insert('Combo Thiết Lập Internet Vạn Vật Trong Doanh Nghiệp + Khi Bạn Là CEO – 100 Câu Hỏi Tiêu Biểu', 'bk070.jpg', '.....', 'Categorie-04', 'Author-09', 'abc');
Call sp_Books_insert('Stephen Hawking: Một Trí Tuệ Không Giới Hạn', 'bk071.jpg', 'Một quyển sách phù hợp cho những độc giả yêu thích bộ môn khoa học vũ trụ, hay vẫn luôn dõi theo những tấm gương vượt khó. ', 'Categorie-01', 'Author-08', 'abc');
Call sp_Books_insert('Thói Quen Thứ 8 - Từ Hiệu Quả Đến Vĩ Đại ', 'bk072.jpg', 'Kỷ Nguyên Lao động Tri thức, đòi hỏi chúng ta phải vượt qua sự Hiệu quả để vươn đến sự Vĩ đại', 'Categorie-01', 'Author-08', 'abc');
Call sp_Books_insert('Lỗ Đen: Các Bài Tuyết Giảng Trên Đài', 'bk073.jpg', 'Sách tập hợp hai bài nói chuyện của nhà vật lý vĩ đại Stephen Hawking trên BBC vào đầu năm 2016.', 'Categorie-01', 'Author-08', 'abc');
Call sp_Books_insert('Thế Hệ Y Lên Ngôi', 'bk074.jpg', 'Tổ chức của bạn đã sẵn sàng cho những điều sắp tới chưa?', 'Categorie-01', 'Author-07', 'abc');
Call sp_Books_insert('Lập Kế Hoạch Tổ Chức Công Việc Hiệu Quả', 'bk075.jpg', 'Lập kế hoạch tổ chức công việc hiệu quả” sẽ giúp bạn học hỏi tất cả những bí quyết để gắn kết các nhân viên giỏi và truyền cho họ cảm hứng làm việc tốt nhất', 'Categorie-01', 'Author-07', 'abc');
Call sp_Books_insert('Mưu Sự Tại Nhân', 'bk076.jpg', 'Mưu sự tại nhân, hành sự tại thiên', 'Categorie-02', 'Author-06', 'abc');
Call sp_Books_insert('Bí Quyết Dùng Người - Chiêu Dụng "Hiền Tài" - Tổ Chức Nhân Lực', 'bk077.jpg', 'Con người là tài nguyên quý giá nhất', 'Categorie-02', 'Author-06', 'abc');
Call sp_Books_insert('Trí Tuệ Khổng Tử', 'bk078.jpg', 'Những bài học quý báu được đúc rút từ kinh nghiệm sống, sự trải nghiệm của một tâm hồn mẫn tiệp của Khổng Tử được tập hợp trong cuốn sách  "Trí tuệ Khổng Tử".', 'Categorie-02', 'Author-06', 'abc');
Call sp_Books_insert('Đàm Phán Bậc Thầy Cả Hai Cùng Thắng - Tái Bản 2019', 'bk079.jpg', 'Đàm phán kỳ thực là một trò chơi với đầy đủ các luật lệ - một trò chơi xoay quanh các kỹ năng, cơ hội và rủi ro', 'Categorie-02', 'Author-05', 'abc');
Call sp_Books_insert('Hỏi Đáp Cùng Em- Vạn Vật Hoạt Động Thế Nào?', 'bk080.jpg', 'Bộ sách được đóng góp bởi các chuyên gia hàng đầu trong các lĩnh vực của nước Pháp', 'Categorie-04', 'Author-04', 'abc');
Call sp_Books_insert('Sang Chấn Tâm Lý - Hiểu Để Chữa Lành', 'bk081.jpg', 'Một tác phẩm kinh điển của tâm thần học hiện đại, là một công trình khoa học công phu và nghiêm túc, trải rộng trên nhiều lĩnh vực - tâm lý học thần kinh, tâm lý học phát triển, tâm bệnh học, tâm lý trị liệ', 'Categorie-01', 'Author-03', 'abc');
Call sp_Books_insert('Tâm Lý Học', 'bk082.jpg', 'Tâm lý học là ngành khoa học nghiên cứu hoạt động, tinh thần và tư tưởng của con người ...', 'Categorie-01', 'Author-02', 'abc');
Call sp_Books_insert('Osho - Lòng Trắc Ẩn', 'bk083.jpg', 'Trong tập sách thứ mươi trong bộ sách nổi tiếng "Lối sông mới" của OSHO, ông đã đưa ra một cái nhin sâu sắc và kahsc biệt về bản chất của lòng trắc ẩn.', 'Categorie-07', 'Author-01', 'abc');
Call sp_Books_insert('Osho - Sự Hiểu Biết', 'bk084.jpg', 'Trước tiên, cần phải hiểu rằng tri thức không phải là sự hiểu biết. Tri thức là biểu hiện của sự hiểu biết.', 'Categorie-07', 'Author-01', 'abc');

insert into HistoryPrices(BookID, StartDate, Price) value('Book-01', '2018-01-04', '240000');
insert into HistoryPrices(BookID, StartDate, Price) value('Book-02', '2018-01-17', '77000');
insert into HistoryPrices(BookID, StartDate, Price) value('Book-03', '2018-01-21', '830000');
insert into HistoryPrices(BookID, StartDate, Price) value('Book-04', '2018-01-22', '88000');
insert into HistoryPrices(BookID, StartDate, Price) value('Book-05', '2018-02-01', '94000');
insert into HistoryPrices(BookID, StartDate, Price) value('Book-06', '2018-02-15', '53000');
insert into HistoryPrices(BookID, StartDate, Price) value('Book-07', '2018-02-21', '48000');
insert into HistoryPrices(BookID, StartDate, Price) value('Book-08', '2018-03-13', '82000');
insert into HistoryPrices(BookID, StartDate, Price) value('Book-09', '2018-04-04', '115000');
insert into HistoryPrices(BookID, StartDate, Price) value('Book-010', '2018-04-11', '165000');
insert into HistoryPrices(BookID, StartDate, Price) value('Book-011', '2018-04-15', '215000');
insert into HistoryPrices(BookID, StartDate, Price) value('Book-012', '2018-05-17', '75000');
insert into HistoryPrices(BookID, StartDate, Price) value('Book-013', '2018-05-23', '37000');
insert into HistoryPrices(BookID, StartDate, Price) value('Book-014', '2018-06-02', '85000');
insert into HistoryPrices(BookID, StartDate, Price) value('Book-015', '2018-06-27', '64000');
insert into HistoryPrices(BookID, StartDate, Price) value('Book-016', '2018-07-02', '29000');
insert into HistoryPrices(BookID, StartDate, Price) value('Book-017', '2018-07-19', '64000');
insert into HistoryPrices(BookID, StartDate, Price) value('Book-018', '2018-07-23', '24000');
insert into HistoryPrices(BookID, StartDate, Price) value('Book-019', '2018-08-08', '46000');
insert into HistoryPrices(BookID, StartDate, Price) value('Book-020', '2018-08-12', '71000');
insert into HistoryPrices(BookID, StartDate, Price) value('Book-021', '2018-09-15', '44000');
insert into HistoryPrices(BookID, StartDate, Price) value('Book-022', '2018-09-21', '82000');
insert into HistoryPrices(BookID, StartDate, Price) value('Book-023', '2018-10-21', '183000');
insert into HistoryPrices(BookID, StartDate, Price) value('Book-024', '2018-11-14', '146000');
insert into HistoryPrices(BookID, StartDate, Price) value('Book-025', '2018-11-22', '242000');
insert into HistoryPrices(BookID, StartDate, Price) value('Book-026', '2018-12-02', '183000');
insert into HistoryPrices(BookID, StartDate, Price) value('Book-027', '2018-12-04', '194000');
insert into HistoryPrices(BookID, StartDate, Price) value('Book-028', '2019-01-02', '92000');
insert into HistoryPrices(BookID, StartDate, Price) value('Book-029', '2019-01-07', '83000');
insert into HistoryPrices(BookID, StartDate, Price) value('Book-030', '2019-01-22', '84000');
insert into HistoryPrices(BookID, StartDate, Price) value('Book-031', '2019-01-29', '96000');
insert into HistoryPrices(BookID, StartDate, Price) value('Book-032', '2019-02-18', '75000');
insert into HistoryPrices(BookID, StartDate, Price) value('Book-033', '2019-02-25', '73000');
insert into HistoryPrices(BookID, StartDate, Price) value('Book-034', '2019-03-04', '63000');
insert into HistoryPrices(BookID, StartDate, Price) value('Book-035', '2019-03-16', '274000');
insert into HistoryPrices(BookID, StartDate, Price) value('Book-036', '2019-04-02', '185000');
insert into HistoryPrices(BookID, StartDate, Price) value('Book-037', '2019-05-03', '47000');
insert into HistoryPrices(BookID, StartDate, Price) value('Book-038', '2019-05-12', '78000');
insert into HistoryPrices(BookID, StartDate, Price) value('Book-039', '2019-05-19', '49000');
insert into HistoryPrices(BookID, StartDate, Price) value('Book-040', '2019-06-07', '57000');
insert into HistoryPrices(BookID, StartDate, Price) value('Book-041', '2019-06-19', '68000');
insert into HistoryPrices(BookID, StartDate, Price) value('Book-042', '2019-07-21', '63000');
insert into HistoryPrices(BookID, StartDate, Price) value('Book-043', '2019-07-28', '222000');
insert into HistoryPrices(BookID, StartDate, Price) value('Book-044', '2019-08-03', '53000');
insert into HistoryPrices(BookID, StartDate, Price) value('Book-045', '2019-09-17', '167000');
insert into HistoryPrices(BookID, StartDate, Price) value('Book-046', '2019-09-18', '135000');
insert into HistoryPrices(BookID, StartDate, Price) value('Book-047', '2019-10-01', '35000');
insert into HistoryPrices(BookID, StartDate, Price) value('Book-048', '2019-10-21', '75000');
insert into HistoryPrices(BookID, StartDate, Price) value('Book-049', '2019-11-17', '86000');
insert into HistoryPrices(BookID, StartDate, Price) value('Book-050', '2019-11-19', '39000');
insert into HistoryPrices(BookID, StartDate, Price) value('Book-052', '2019-11-25', '98000');
insert into HistoryPrices(BookID, StartDate, Price) value('Book-053', '2019-12-08', '98000');
insert into HistoryPrices(BookID, StartDate, Price) value('Book-054', '2019-12-26', '26000');
insert into HistoryPrices(BookID, StartDate, Price) value('Book-055', '2019-12-28', '31000');
insert into HistoryPrices(BookID, StartDate, Price) value('Book-056', '2020-01-02', '27000');
insert into HistoryPrices(BookID, StartDate, Price) value('Book-057', '2020-01-15', '52000');
insert into HistoryPrices(BookID, StartDate, Price) value('Book-058', '2020-01-20', '68000');
insert into HistoryPrices(BookID, StartDate, Price) value('Book-059', '2020-01-23', '64000');
insert into HistoryPrices(BookID, StartDate, Price) value('Book-060', '2020-01-28', '245000');
insert into HistoryPrices(BookID, StartDate, Price) value('Book-061', '2020-02-13', '15000');
insert into HistoryPrices(BookID, StartDate, Price) value('Book-062', '2020-02-25', '146000');
insert into HistoryPrices(BookID, StartDate, Price) value('Book-063', '2020-03-11', '253000');
insert into HistoryPrices(BookID, StartDate, Price) value('Book-064', '2020-03-17', '64000');
insert into HistoryPrices(BookID, StartDate, Price) value('Book-065', '2020-03-26', '74000');
insert into HistoryPrices(BookID, StartDate, Price) value('Book-066', '2020-04-22', '51000');
insert into HistoryPrices(BookID, StartDate, Price) value('Book-067', '2020-05-12', '116000');
insert into HistoryPrices(BookID, StartDate, Price) value('Book-068', '2020-05-16', '82000');
insert into HistoryPrices(BookID, StartDate, Price) value('Book-069', '2020-05-16', '74000');
insert into HistoryPrices(BookID, StartDate, Price) value('Book-070', '2020-05-17', '253000');
insert into HistoryPrices(BookID, StartDate, Price) value('Book-071', '2020-06-11', '52000');
insert into HistoryPrices(BookID, StartDate, Price) value('Book-072', '2020-06-16', '52000');
insert into HistoryPrices(BookID, StartDate, Price) value('Book-073', '2020-06-18', '58000');
insert into HistoryPrices(BookID, StartDate, Price) value('Book-074', '2020-06-22', '231000');
insert into HistoryPrices(BookID, StartDate, Price) value('Book-075', '2020-07-12', '134000');
insert into HistoryPrices(BookID, StartDate, Price) value('Book-076', '2020-07-21', '145000');
insert into HistoryPrices(BookID, StartDate, Price) value('Book-077', '2020-07-27', '92000');
insert into HistoryPrices(BookID, StartDate, Price) value('Book-078', '2020-07-29', '78000');
insert into HistoryPrices(BookID, StartDate, Price) value('Book-080', '2020-08-06', '36000');
insert into HistoryPrices(BookID, StartDate, Price) value('Book-081', '2020-08-12', '56000');
insert into HistoryPrices(BookID, StartDate, Price) value('Book-082', '2020-08-14', '24000');
insert into HistoryPrices(BookID, StartDate, Price) value('Book-083', '2020-08-25', '23000');
insert into HistoryPrices(BookID, StartDate, Price) value('Book-084', '2020-08-28', '124000');
insert into HistoryPrices(BookID, StartDate, Price) value('Book-085', '2020-09-07', '64000');

Call sp_Invoices_insert ('2018-1-4', 'Đã giao', 'Đã thanh toán', 1, 25, 1, 'abc');
Call sp_Invoices_insert ('2018-1-5', 'Đã giao', 'Đã thanh toán', 1, 24, 2, 'abc');
Call sp_Invoices_insert ('2018-1-8', 'Đã giao', 'Đã thanh toán', 1, 23, 3, 'abc');
Call sp_Invoices_insert ('2018-1-10', 'Đã giao', 'Đã thanh toán', 1, 22, 4, 'abc');
Call sp_Invoices_insert ('2018-1-11', 'Đã giao', 'Đã thanh toán', 1, 21, 5, 'abc');
Call sp_Invoices_insert ('2018-1-12', 'Đã giao', 'Đã thanh toán', 1, 20, 6, 'abc');
Call sp_Invoices_insert ('2018-1-15', 'Đã giao', 'Đã thanh toán', 1, 19, 7, 'abc');
Call sp_Invoices_insert ('2018-1-17', 'Đã giao', 'Đã thanh toán', 1, 18, 8, 'abc');
Call sp_Invoices_insert ('2018-1-18', 'Đã giao', 'Đã thanh toán', 1, 17, 9, 'abc');
Call sp_Invoices_insert ('2018-1-21', 'Đã giao', 'Đã thanh toán', 1, 16, 10, 'abc');
Call sp_Invoices_insert ('2018-1-22', 'Đã giao', 'Đã thanh toán', 1, 15, 11, 'abc');
Call sp_Invoices_insert ('2018-1-26', 'Đã giao', 'Đã thanh toán', 1, 14, 12, 'abc');
Call sp_Invoices_insert ('2018-1-27', 'Đã giao', 'Đã thanh toán', 1, 13, 13, 'abc');
Call sp_Invoices_insert ('2018-1-30', 'Đã giao', 'Đã thanh toán', 1, 12, 14, 'abc');
Call sp_Invoices_insert ('2018-2-2', 'Đã giao', 'Đã thanh toán', 1, 11, 15, 'abc');
Call sp_Invoices_insert ('2018-2-3', 'Đã giao', 'Đã thanh toán', 1, 10, 16, 'abc');
Call sp_Invoices_insert ('2018-2-5', 'Đã giao', 'Đã thanh toán', 1, 9, 17, 'abc');
Call sp_Invoices_insert ('2018-2-7', 'Đã giao', 'Đã thanh toán', 1, 8, 18, 'abc');
Call sp_Invoices_insert ('2018-2-8', 'Đã giao', 'Đã thanh toán', 1, 7, 19, 'abc');
Call sp_Invoices_insert ('2018-2-10', 'Đã giao', 'Đã thanh toán', 1, 6, 20, 'abc');
Call sp_Invoices_insert ('2018-2-12', 'Đã giao', 'Đã thanh toán', 1, 5, 21, 'abc');
Call sp_Invoices_insert ('2018-2-15', 'Đã giao', 'Đã thanh toán', 1, 4, 22, 'abc');
Call sp_Invoices_insert ('2018-2-18', 'Đã giao', 'Đã thanh toán', 1, 3, 23, 'abc');
Call sp_Invoices_insert ('2018-2-20', 'Đã giao', 'Đã thanh toán', 1, 2, 24, 'abc');
Call sp_Invoices_insert ('2018-2-21', 'Đã giao', 'Đã thanh toán', 1, 1, 25, 'abc');
Call sp_Invoices_insert ('2019-2-24', 'Đã giao', 'Đã thanh toán', 1, 50, 26, 'abc');
Call sp_Invoices_insert ('2019-2-28', 'Đã giao', 'Đã thanh toán', 1, 49, 27, 'abc');
Call sp_Invoices_insert ('2019-2-28', 'Đã giao', 'Đã thanh toán', 1, 48, 28, 'abc');
Call sp_Invoices_insert ('2019-3-4', 'Đã giao', 'Đã thanh toán', 1, 47, 29, 'abc');
Call sp_Invoices_insert ('2019-3-7', 'Đã giao', 'Đã thanh toán', 1, 46, 30, 'abc');
Call sp_Invoices_insert ('2019-3-10', 'Đã giao', 'Đã thanh toán', 1, 45, 31, 'abc');
Call sp_Invoices_insert ('2019-3-11', 'Đã giao', 'Đã thanh toán', 1, 44, 32, 'abc');
Call sp_Invoices_insert ('2019-3-15', 'Đã giao', 'Đã thanh toán', 1, 43, 33, 'abc');
Call sp_Invoices_insert ('2019-3-17', 'Đã giao', 'Đã thanh toán', 1, 42, 34, 'abc');
Call sp_Invoices_insert ('2019-3-18', 'Đã giao', 'Đã thanh toán', 1, 41, 35, 'abc');
Call sp_Invoices_insert ('2019-3-18', 'Đã giao', 'Đã thanh toán', 1, 40, 36, 'abc');
Call sp_Invoices_insert ('2019-3-20', 'Đã giao', 'Đã thanh toán', 1, 39, 37, 'abc');
Call sp_Invoices_insert ('2019-3-21', 'Đã giao', 'Đã thanh toán', 1, 38, 38, 'abc');
Call sp_Invoices_insert ('2019-3-22', 'Đã giao', 'Đã thanh toán', 1, 37, 39, 'abc');
Call sp_Invoices_insert ('2019-3-29', 'Đã giao', 'Đã thanh toán', 1, 36, 40, 'abc');
Call sp_Invoices_insert ('2019-4-10', 'Đã giao', 'Đã thanh toán', 1, 35, 41, 'abc');
Call sp_Invoices_insert ('2019-4-13', 'Đã giao', 'Đã thanh toán', 1, 34, 42, 'abc');
Call sp_Invoices_insert ('2019-4-14', 'Đã giao', 'Đã thanh toán', 1, 33, 43, 'abc');
Call sp_Invoices_insert ('2019-4-15', 'Đã giao', 'Đã thanh toán', 1, 32, 44, 'abc');
Call sp_Invoices_insert ('2019-4-17', 'Đã giao', 'Đã thanh toán', 1, 31, 45, 'abc');
Call sp_Invoices_insert ('2019-4-18', 'Đã giao', 'Đã thanh toán', 1, 30, 46, 'abc');
Call sp_Invoices_insert ('2019-4-20', 'Đã giao', 'Đã thanh toán', 1, 29, 47, 'abc');
Call sp_Invoices_insert ('2019-4-21', 'Đã giao', 'Đã thanh toán', 1, 28, 48, 'abc');
Call sp_Invoices_insert ('2019-4-22', 'Đã giao', 'Đã thanh toán', 1, 27, 49, 'abc');
Call sp_Invoices_insert ('2019-6-28', 'Đã giao', 'Đã thanh toán', 1, 26, 25, 'abc');
Call sp_Invoices_insert ('2020-7-4', 'Đã giao', 'Đã thanh toán', 1, 27, 24, 'abc');
Call sp_Invoices_insert ('2020-7-10', 'Đã giao', 'Đã thanh toán', 1, 28, 23, 'abc');
Call sp_Invoices_insert ('2020-7-12', 'Đã giao', 'Đã thanh toán', 1, 29, 22, 'abc');
Call sp_Invoices_insert ('2020-7-16', 'Đã giao', 'Đã thanh toán', 1, 30, 21, 'abc');
Call sp_Invoices_insert ('2020-7-17', 'Đã giao', 'Đã thanh toán', 1, 31, 20, 'abc');
Call sp_Invoices_insert ('2020-7-18', 'Đã giao', 'Đã thanh toán', 1, 32, 19, 'abc');
Call sp_Invoices_insert ('2020-7-21', 'Đã giao', 'Đã thanh toán', 1, 33, 18, 'abc');
Call sp_Invoices_insert ('2020-7-24', 'Đã giao', 'Đã thanh toán', 1, 34, 17, 'abc');
Call sp_Invoices_insert ('2020-7-25', 'Đã giao', 'Đã thanh toán', 1, 35, 16, 'abc');
Call sp_Invoices_insert ('2020-7-27', 'Đã giao', 'Đã thanh toán', 1, 36, 15, 'abc');
Call sp_Invoices_insert ('2020-7-29', 'Đã giao', 'Đã thanh toán', 1, 37, 14, 'abc');
Call sp_Invoices_insert ('2020-8-2', 'Đã giao', 'Đã thanh toán', 1, 38, 13, 'abc');
Call sp_Invoices_insert ('2020-8-5', 'Đã giao', 'Đã thanh toán', 1, 39, 12, 'abc');
Call sp_Invoices_insert ('2020-8-7', 'Đã giao', 'Đã thanh toán', 1, 40, 11, 'abc');
Call sp_Invoices_insert ('2020-8-8', 'Đã giao', 'Đã thanh toán', 1, 41, 10, 'abc');
Call sp_Invoices_insert ('2020-8-11', 'Đã giao', 'Đã thanh toán', 1, 42, 9, 'abc');
Call sp_Invoices_insert ('2020-8-13', 'Đã giao', 'Đã thanh toán', 1, 43, 8, 'abc');
Call sp_Invoices_insert ('2020-8-17', 'Đã giao', 'Đã thanh toán', 1, 44, 7, 'abc');
Call sp_Invoices_insert ('2020-8-18', 'Đã giao', 'Đã thanh toán', 1, 45, 6, 'abc');
Call sp_Invoices_insert ('2020-8-20', 'Đã giao', 'Đã thanh toán', 1, 46, 5, 'abc');
Call sp_Invoices_insert ('2020-8-24', 'Đã giao', 'Đã thanh toán', 1, 47, 4, 'abc');
Call sp_Invoices_insert ('2020-8-25', 'Đã giao', 'Chưa thanh toán', 1, 48, 3, 'abc');
Call sp_Invoices_insert ('2020-8-28', 'Chưa giao', 'Đã thanh toán', 1, 49, 2, 'abc');
Call sp_Invoices_insert ('2020-8-30', 'Chưa giao', 'Chưa thanh toán', 1, 50, 1, 'abc');


insert into InvoiceDetails(InvoiceID, BookID, Quantity, Discount) value('Invoice-01', 'Book-01', 1, 25);
insert into InvoiceDetails(InvoiceID, BookID, Quantity, Discount) value('Invoice-02', 'Book-02', 4, 24);
insert into InvoiceDetails(InvoiceID, BookID, Quantity, Discount) value('Invoice-03', 'Book-03', 2, 23);
insert into InvoiceDetails(InvoiceID, BookID, Quantity, Discount) value('Invoice-04', 'Book-04', 6, 22);
insert into InvoiceDetails(InvoiceID, BookID, Quantity, Discount) value('Invoice-05', 'Book-05', 3, 21);
insert into InvoiceDetails(InvoiceID, BookID, Quantity, Discount) value('Invoice-06', 'Book-06', 1, 20);
insert into InvoiceDetails(InvoiceID, BookID, Quantity, Discount) value('Invoice-07', 'Book-07', 9, 19);
insert into InvoiceDetails(InvoiceID, BookID, Quantity, Discount) value('Invoice-08', 'Book-08', 2, 18);
insert into InvoiceDetails(InvoiceID, BookID, Quantity, Discount) value('Invoice-09', 'Book-09', 5, 17);
insert into InvoiceDetails(InvoiceID, BookID, Quantity, Discount) value('Invoice-010', 'Book-010', 6, 16);
insert into InvoiceDetails(InvoiceID, BookID, Quantity, Discount) value('Invoice-011', 'Book-011', 2, 15);
insert into InvoiceDetails(InvoiceID, BookID, Quantity, Discount) value('Invoice-012', 'Book-012', 3, 14);
insert into InvoiceDetails(InvoiceID, BookID, Quantity, Discount) value('Invoice-013', 'Book-013', 7, 13);
insert into InvoiceDetails(InvoiceID, BookID, Quantity, Discount) value('Invoice-014', 'Book-014', 1, 14);
insert into InvoiceDetails(InvoiceID, BookID, Quantity, Discount) value('Invoice-015', 'Book-015', 3, 11);
insert into InvoiceDetails(InvoiceID, BookID, Quantity, Discount) value('Invoice-016', 'Book-016', 7, 10);
insert into InvoiceDetails(InvoiceID, BookID, Quantity, Discount) value('Invoice-017', 'Book-017', 8, 9);
insert into InvoiceDetails(InvoiceID, BookID, Quantity, Discount) value('Invoice-018', 'Book-018', 3, 8);
insert into InvoiceDetails(InvoiceID, BookID, Quantity, Discount) value('Invoice-019', 'Book-019', 5, 7);
insert into InvoiceDetails(InvoiceID, BookID, Quantity, Discount) value('Invoice-020', 'Book-020', 6, 20);
insert into InvoiceDetails(InvoiceID, BookID, Quantity, Discount) value('Invoice-021', 'Book-021', 7, 21);
insert into InvoiceDetails(InvoiceID, BookID, Quantity, Discount) value('Invoice-022', 'Book-022', 1, 4);
insert into InvoiceDetails(InvoiceID, BookID, Quantity, Discount) value('Invoice-023', 'Book-023', 5, 3);
insert into InvoiceDetails(InvoiceID, BookID, Quantity, Discount) value('Invoice-024', 'Book-024', 2, 24);
insert into InvoiceDetails(InvoiceID, BookID, Quantity, Discount) value('Invoice-025', 'Book-025', 8, 1);
insert into InvoiceDetails(InvoiceID, BookID, Quantity, Discount) value('Invoice-026', 'Book-026', 3, 26);
insert into InvoiceDetails(InvoiceID, BookID, Quantity, Discount) value('Invoice-027', 'Book-027', 8, 27);
insert into InvoiceDetails(InvoiceID, BookID, Quantity, Discount) value('Invoice-028', 'Book-028', 2, 28);
insert into InvoiceDetails(InvoiceID, BookID, Quantity, Discount) value('Invoice-029', 'Book-029', 7, 29);
insert into InvoiceDetails(InvoiceID, BookID, Quantity, Discount) value('Invoice-030', 'Book-030', 3, 15);
insert into InvoiceDetails(InvoiceID, BookID, Quantity, Discount) value('Invoice-031', 'Book-031', 6, 12);
insert into InvoiceDetails(InvoiceID, BookID, Quantity, Discount) value('Invoice-032', 'Book-032', 3, 15);
insert into InvoiceDetails(InvoiceID, BookID, Quantity, Discount) value('Invoice-033', 'Book-033', 8, 20);
insert into InvoiceDetails(InvoiceID, BookID, Quantity, Discount) value('Invoice-034', 'Book-034', 3, 13);
insert into InvoiceDetails(InvoiceID, BookID, Quantity, Discount) value('Invoice-035', 'Book-035', 7, 7);
insert into InvoiceDetails(InvoiceID, BookID, Quantity, Discount) value('Invoice-036', 'Book-036', 2, 9);
insert into InvoiceDetails(InvoiceID, BookID, Quantity, Discount) value('Invoice-037', 'Book-037', 7, 5);
insert into InvoiceDetails(InvoiceID, BookID, Quantity, Discount) value('Invoice-038', 'Book-038', 1, 4);
insert into InvoiceDetails(InvoiceID, BookID, Quantity, Discount) value('Invoice-039', 'Book-039', 8, 9);
insert into InvoiceDetails(InvoiceID, BookID, Quantity, Discount) value('Invoice-040', 'Book-040', 9, 10);
insert into InvoiceDetails(InvoiceID, BookID, Quantity, Discount) value('Invoice-041', 'Book-041', 2, 3);
insert into InvoiceDetails(InvoiceID, BookID, Quantity, Discount) value('Invoice-042', 'Book-042', 6, 12);
insert into InvoiceDetails(InvoiceID, BookID, Quantity, Discount) value('Invoice-043', 'Book-043', 3, 13);
insert into InvoiceDetails(InvoiceID, BookID, Quantity, Discount) value('Invoice-044', 'Book-044', 5, 24);
insert into InvoiceDetails(InvoiceID, BookID, Quantity, Discount) value('Invoice-045', 'Book-045', 4, 15);
insert into InvoiceDetails(InvoiceID, BookID, Quantity, Discount) value('Invoice-046', 'Book-046', 6, 6);
insert into InvoiceDetails(InvoiceID, BookID, Quantity, Discount) value('Invoice-047', 'Book-047', 8, 27);
insert into InvoiceDetails(InvoiceID, BookID, Quantity, Discount) value('Invoice-048', 'Book-048', 2, 28);
insert into InvoiceDetails(InvoiceID, BookID, Quantity, Discount) value('Invoice-049', 'Book-049', 2, 20);
insert into InvoiceDetails(InvoiceID, BookID, Quantity, Discount) value('Invoice-050', 'Book-050', 1, 26);
insert into InvoiceDetails(InvoiceID, BookID, Quantity, Discount) value('Invoice-051', 'Book-051', 6, 1);
insert into InvoiceDetails(InvoiceID, BookID, Quantity, Discount) value('Invoice-052', 'Book-052', 1, 22);
insert into InvoiceDetails(InvoiceID, BookID, Quantity, Discount) value('Invoice-053', 'Book-053', 3, 12);
insert into InvoiceDetails(InvoiceID, BookID, Quantity, Discount) value('Invoice-054', 'Book-054', 6, 25);
insert into InvoiceDetails(InvoiceID, BookID, Quantity, Discount) value('Invoice-055', 'Book-055', 1, 5);
insert into InvoiceDetails(InvoiceID, BookID, Quantity, Discount) value('Invoice-056', 'Book-056', 3, 5);
insert into InvoiceDetails(InvoiceID, BookID, Quantity, Discount) value('Invoice-057', 'Book-057', 8, 7);
insert into InvoiceDetails(InvoiceID, BookID, Quantity, Discount) value('Invoice-058', 'Book-058', 2, 20);
insert into InvoiceDetails(InvoiceID, BookID, Quantity, Discount) value('Invoice-059', 'Book-059', 9, 9);
insert into InvoiceDetails(InvoiceID, BookID, Quantity, Discount) value('Invoice-060', 'Book-060', 7, 12);
insert into InvoiceDetails(InvoiceID, BookID, Quantity, Discount) value('Invoice-061', 'Book-061', 6, 11);
insert into InvoiceDetails(InvoiceID, BookID, Quantity, Discount) value('Invoice-062', 'Book-062', 9, 19);
insert into InvoiceDetails(InvoiceID, BookID, Quantity, Discount) value('Invoice-063', 'Book-063', 2, 10);
insert into InvoiceDetails(InvoiceID, BookID, Quantity, Discount) value('Invoice-064', 'Book-064', 5, 14);
insert into InvoiceDetails(InvoiceID, BookID, Quantity, Discount) value('Invoice-065', 'Book-065', 2, 16);
insert into InvoiceDetails(InvoiceID, BookID, Quantity, Discount) value('Invoice-066', 'Book-066', 6, 16);
insert into InvoiceDetails(InvoiceID, BookID, Quantity, Discount) value('Invoice-067', 'Book-067', 3, 6);
insert into InvoiceDetails(InvoiceID, BookID, Quantity, Discount) value('Invoice-068', 'Book-068', 6, 18);
insert into InvoiceDetails(InvoiceID, BookID, Quantity, Discount) value('Invoice-069', 'Book-069', 6, 20);
insert into InvoiceDetails(InvoiceID, BookID, Quantity, Discount) value('Invoice-070', 'Book-070', 3, 20);
insert into InvoiceDetails(InvoiceID, BookID, Quantity, Discount) value('Invoice-071', 'Book-071', 6, 21);
insert into InvoiceDetails(InvoiceID, BookID, Quantity, Discount) value('Invoice-072', 'Book-072', 10, 29);
insert into InvoiceDetails(InvoiceID, BookID, Quantity, Discount) value('Invoice-073', 'Book-073', 3, 23);
insert into InvoiceDetails(InvoiceID, BookID, Quantity, Discount) value('Invoice-074', 'Book-074', 6, 25);
insert into InvoiceDetails(InvoiceID, BookID, Quantity, Discount) value('Invoice-043', 'Book-075', 2, 25);
insert into InvoiceDetails(InvoiceID, BookID, Quantity, Discount) value('Invoice-023', 'Book-076', 3, 10);
insert into InvoiceDetails(InvoiceID, BookID, Quantity, Discount) value('Invoice-054', 'Book-077', 4, 0);
insert into InvoiceDetails(InvoiceID, BookID, Quantity, Discount) value('Invoice-012', 'Book-078', 6, 0);
insert into InvoiceDetails(InvoiceID, BookID, Quantity, Discount) value('Invoice-065', 'Book-079', 8, 1);
insert into InvoiceDetails(InvoiceID, BookID, Quantity, Discount) value('Invoice-019', 'Book-080', 9, 10);
insert into InvoiceDetails(InvoiceID, BookID, Quantity, Discount) value('Invoice-029', 'Book-081', 2, 0);
insert into InvoiceDetails(InvoiceID, BookID, Quantity, Discount) value('Invoice-050', 'Book-082', 3, 12);
insert into InvoiceDetails(InvoiceID, BookID, Quantity, Discount) value('Invoice-057', 'Book-083', 4, 17);
insert into InvoiceDetails(InvoiceID, BookID, Quantity, Discount) value('Invoice-071', 'Book-084', 6, 17);
insert into InvoiceDetails(InvoiceID, BookID, Quantity, Discount) value('Invoice-045', 'Book-085', 2, 0);
insert into InvoiceDetails(InvoiceID, BookID, Quantity, Discount) value('Invoice-039', 'Book-01', 3, 30);
insert into InvoiceDetails(InvoiceID, BookID, Quantity, Discount) value('Invoice-020', 'Book-03', 7, 17);
insert into InvoiceDetails(InvoiceID, BookID, Quantity, Discount) value('Invoice-050', 'Book-05', 2, 13);
insert into InvoiceDetails(InvoiceID, BookID, Quantity, Discount) value('Invoice-040', 'Book-06', 8, 10);
insert into InvoiceDetails(InvoiceID, BookID, Quantity, Discount) value('Invoice-060', 'Book-08', 3, 11);
insert into InvoiceDetails(InvoiceID, BookID, Quantity, Discount) value('Invoice-010', 'Book-10', 7, 10);
insert into InvoiceDetails(InvoiceID, BookID, Quantity, Discount) value('Invoice-030', 'Book-013', 4, 9);
insert into InvoiceDetails(InvoiceID, BookID, Quantity, Discount) value('Invoice-061', 'Book-015', 6, 18);
insert into InvoiceDetails(InvoiceID, BookID, Quantity, Discount) value('Invoice-072', 'Book-026', 7, 20);
insert into InvoiceDetails(InvoiceID, BookID, Quantity, Discount) value('Invoice-01', 'Book-019', 2, 0);
insert into InvoiceDetails(InvoiceID, BookID, Quantity, Discount) value('Invoice-09', 'Book-021', 3, 5);
insert into InvoiceDetails(InvoiceID, BookID, Quantity, Discount) value('Invoice-021', 'Book-023', 1, 14);
insert into InvoiceDetails(InvoiceID, BookID, Quantity, Discount) value('Invoice-059', 'Book-027', 6, 23);
insert into InvoiceDetails(InvoiceID, BookID, Quantity, Discount) value('Invoice-04', 'Book-028', 7, 0);
insert into InvoiceDetails(InvoiceID, BookID, Quantity, Discount) value('Invoice-021', 'Book-033', 1, 0);



Call sp_Receipts_insert ('Supplier-01', 'abc');
Call sp_Receipts_insert ('Supplier-02', 'abc');
Call sp_Receipts_insert ('Supplier-03', 'abc');
Call sp_Receipts_insert ('Supplier-01', 'abc');
Call sp_Receipts_insert ('Supplier-02', 'abc');
Call sp_Receipts_insert ('Supplier-03', 'abc');
Call sp_Receipts_insert ('Supplier-02', 'abc');
Call sp_Receipts_insert ('Supplier-01', 'abc');
Call sp_Receipts_insert ('Supplier-03', 'abc');
Call sp_Receipts_insert ('Supplier-01', 'abc');
Call sp_Receipts_insert ('Supplier-02', 'abc');
Call sp_Receipts_insert ('Supplier-03', 'abc');
Call sp_Receipts_insert ('Supplier-02', 'abc');
Call sp_Receipts_insert ('Supplier-01', 'abc');
Call sp_Receipts_insert ('Supplier-03', 'abc');
Call sp_Receipts_insert ('Supplier-02', 'abc');
Call sp_Receipts_insert ('Supplier-01', 'abc');
Call sp_Receipts_insert ('Supplier-03', 'abc');
Call sp_Receipts_insert ('Supplier-02', 'abc');
Call sp_Receipts_insert ('Supplier-01', 'abc');
Call sp_Receipts_insert ('Supplier-01', 'abc');
Call sp_Receipts_insert ('Supplier-03', 'abc');
Call sp_Receipts_insert ('Supplier-02', 'abc');
Call sp_Receipts_insert ('Supplier-01', 'abc');
Call sp_Receipts_insert ('Supplier-03', 'abc');
Call sp_Receipts_insert ('Supplier-02', 'abc');
Call sp_Receipts_insert ('Supplier-02', 'abc');
Call sp_Receipts_insert ('Supplier-02', 'abc');
Call sp_Receipts_insert ('Supplier-01', 'abc');
Call sp_Receipts_insert ('Supplier-03', 'abc');
Call sp_Receipts_insert ('Supplier-01', 'abc');



insert into ReceiptDetails(ReceiptID, BookID, Amount, Price) value('Receipt-01', 'Book-02', 30, '77000');
insert into ReceiptDetails(ReceiptID, BookID, Amount, Price) value('Receipt-02', 'Book-03', 30, '83000');
insert into ReceiptDetails(ReceiptID, BookID, Amount, Price) value('Receipt-03', 'Book-06', 30, '83000');
insert into ReceiptDetails(ReceiptID, BookID, Amount, Price) value('Receipt-04', 'Book-07', 30, '88000');
insert into ReceiptDetails(ReceiptID, BookID, Amount, Price) value('Receipt-05', 'Book-09', 21, '94000');
insert into ReceiptDetails(ReceiptID, BookID, Amount, Price) value('Receipt-06', 'Book-011', 28, '53000');
insert into ReceiptDetails(ReceiptID, BookID, Amount, Price) value('Receipt-07', 'Book-013', 27, '48000');
insert into ReceiptDetails(ReceiptID, BookID, Amount, Price) value('Receipt-08', 'Book-015', 25, '82000');
insert into ReceiptDetails(ReceiptID, BookID, Amount, Price) value('Receipt-09', 'Book-016', 25, '115000');
insert into ReceiptDetails(ReceiptID, BookID, Amount, Price) value('Receipt-010', 'Book-019', 25, '165000');
insert into ReceiptDetails(ReceiptID, BookID, Amount, Price) value('Receipt-011', 'Book-020', 25, '215000');
insert into ReceiptDetails(ReceiptID, BookID, Amount, Price) value('Receipt-012', 'Book-021', 23, '75000');
insert into ReceiptDetails(ReceiptID, BookID, Amount, Price) value('Receipt-013', 'Book-023', 23, '37000');
insert into ReceiptDetails(ReceiptID, BookID, Amount, Price) value('Receipt-014', 'Book-025', 28, '85000');
insert into ReceiptDetails(ReceiptID, BookID, Amount, Price) value('Receipt-015', 'Book-028', 30, '64000');
insert into ReceiptDetails(ReceiptID, BookID, Amount, Price) value('Receipt-016', 'Book-029', 30, '29000');
insert into ReceiptDetails(ReceiptID, BookID, Amount, Price) value('Receipt-017', 'Book-030', 30, '64000');
insert into ReceiptDetails(ReceiptID, BookID, Amount, Price) value('Receipt-018', 'Book-031', 30, '24000');
insert into ReceiptDetails(ReceiptID, BookID, Amount, Price) value('Receipt-019', 'Book-036', 29, '46000');
insert into ReceiptDetails(ReceiptID, BookID, Amount, Price) value('Receipt-020', 'Book-038', 25, '71000');
insert into ReceiptDetails(ReceiptID, BookID, Amount, Price) value('Receipt-021', 'Book-041', 26, '44000');
insert into ReceiptDetails(ReceiptID, BookID, Amount, Price) value('Receipt-022', 'Book-042', 27, '82000');
insert into ReceiptDetails(ReceiptID, BookID, Amount, Price) value('Receipt-023', 'Book-043', 23, '183000');
insert into ReceiptDetails(ReceiptID, BookID, Amount, Price) value('Receipt-024', 'Book-046', 28, '146000');
insert into ReceiptDetails(ReceiptID, BookID, Amount, Price) value('Receipt-025', 'Book-048', 28, '282000');


insert into ShipInfors(InvoiceID, FullName, Address, Phone) value('Invoice-01', 'Nguyễn Đặng Hải Thanh', '5/62 Nơ Trang Long,  P.7,  Bình Thạnh,  TPHCM', '0933248786');
insert into ShipInfors(InvoiceID, FullName, Address, Phone) value('Invoice-02', 'Trần Quang Huy', '24 Đường số 1,  P.Bình Trị Đông B,  Q.Bình Thạnh', '0913909009');
insert into ShipInfors(InvoiceID, FullName, Address, Phone) value('Invoice-03', 'Trương Tiến Dũng', '146 Lầu 4 Hùng Vương,  F.12,  Q.5', '0913909009');
insert into ShipInfors(InvoiceID, FullName, Address, Phone) value('Invoice-04', 'Lê Trọng Khang', '21 Đường 28,  KP4, P.Hiệp Bình Chánh,  Q.Thủ Đức,  TP.HCM', '0913909009');
insert into ShipInfors(InvoiceID, FullName, Address, Phone) value('Invoice-05', 'Lê Việt Thắng', '20/28/4 Hồ Đắc Di,  P.Tây Thạnh Q. Tân Phú TPHCM', '0903666717');
insert into ShipInfors(InvoiceID, FullName, Address, Phone) value('Invoice-06', 'Bùi Ngọc Quang', '269 H Đông Hưng Thuận Q.12 TP.HCM', '0903946484');
insert into ShipInfors(InvoiceID, FullName, Address, Phone) value('Invoice-07', 'Vũ Thị Tuyết Hà', '445 Huỳnh Văn Bánh,  Q.13 Q.Phú Nhuận', '0918549645');
insert into ShipInfors(InvoiceID, FullName, Address, Phone) value('Invoice-08', 'Lê Văn Bình', '84 Lương Đình Của,  P.Thủ Thiêm Q.2 TP.HCM', '0913928085');
insert into ShipInfors(InvoiceID, FullName, Address, Phone) value('Invoice-09', 'Đoàn Ngọc Danh', '372/12A Lê Đức Thọ,  P.16,  Q.Gò Vấp,  TP.HCM', '0909223316');
insert into ShipInfors(InvoiceID, FullName, Address, Phone) value('Invoice-010', 'Trương Quang Nhật', '157 Hậu Giang,  P.5,  Q.6,  TP.HCM', '0913731693');
insert into ShipInfors(InvoiceID, FullName, Address, Phone) value('Invoice-011', 'Nguyễn Thanh Hải', '76/25 Phan Tây Hồ,  P.7,  Q.Phú Nhuận', '0903804735');
insert into ShipInfors(InvoiceID, FullName, Address, Phone) value('Invoice-012', 'Trần Thành Đạt', '35 Đường 39,  P.Bình Thuận,  Q.7,  TP.HCM', '0903824188');
insert into ShipInfors(InvoiceID, FullName, Address, Phone) value('Invoice-013', 'Nguyễn Ngọc Minh', '159D Nguyễn Hữu Cảnh,  F.22,  Q.BT', '0919872978');
insert into ShipInfors(InvoiceID, FullName, Address, Phone) value('Invoice-014', 'Hoàng Quyết Thắng', '758 Điện Biên Phủ,  P.10 Q.5 HCM', '0908001188');
insert into ShipInfors(InvoiceID, FullName, Address, Phone) value('Invoice-015', 'Lương Đỗ Đoàn', '24 Nguyễn Trãi,  Nha Trang,  Khánh Hòa', '0903862666');
insert into ShipInfors(InvoiceID, FullName, Address, Phone) value('Invoice-016', 'Lê Song Quảng', '509 An Dương Vương,  P.8,  Q.5,  TP. HCM', '0903855977');
insert into ShipInfors(InvoiceID, FullName, Address, Phone) value('Invoice-017', 'Trần Tấn Thiện', '196 - 198 Hưng Phú,  P.8,  TP. HCM', '0903806501');
insert into ShipInfors(InvoiceID, FullName, Address, Phone) value('Invoice-018', 'Huỳnh Minh Tấn', '196 - 198 Hưng Phú,  P.8,  TP. HCM', '0913967269');
insert into ShipInfors(InvoiceID, FullName, Address, Phone) value('Invoice-019', 'Trần Bá Tuấn', '477/22 Âu Cơ,  P. Phú Trung,  Q. Tân Phú,  TP. HCM', '0903709348');
insert into ShipInfors(InvoiceID, FullName, Address, Phone) value('Invoice-020', 'Trần Thị Tuyết Nhung', '1/9 Hồ Thị Kỷ,  F1,  Q10,  TP. HCM', '0907364489');
insert into ShipInfors(InvoiceID, FullName, Address, Phone) value('Invoice-021', 'Lê Văn Tuấn', '509 An Dương Vương,  P8,  Q5,  TP.HCM', '0908053969');
insert into ShipInfors(InvoiceID, FullName, Address, Phone) value('Invoice-022', 'Đoàn Thị Mỹ Dung', '372/12A Lê Đức Thọ,  P16,  Q.Gò Vấp,  TP.HCM', '0989053509');
insert into ShipInfors(InvoiceID, FullName, Address, Phone) value('Invoice-023', 'Hoàng Anh Minh', '509 An Dương Vương,  P8,  Q5,  TP.HCM', '0918695631');
insert into ShipInfors(InvoiceID, FullName, Address, Phone) value('Invoice-024', 'Nguyễn Thu Nga', 'B6 Đường 672 P. Phước Long B,  Q9,  TP.HCM', '0907120858');
insert into ShipInfors(InvoiceID, FullName, Address, Phone) value('Invoice-025', 'Lê Thị Khánh Quỳnh', '2/15B Trần Nhân Tôn,  F2,  Q.10,  TP.HCM', '0903744478');
insert into ShipInfors(InvoiceID, FullName, Address, Phone) value('Invoice-026', 'Võ Thị Mỹ Diệu', '65C1 KP4,  đường 11,  Linh Xuân,  Thủ Đức,  TP.HCM', '0908168368');
insert into ShipInfors(InvoiceID, FullName, Address, Phone) value('Invoice-027', 'Trần Công Chiến', '97/5/18D Phùng Tá Chu,  F An Lạc,  Q BT,  TP.HCM', '0903608545');
insert into ShipInfors(InvoiceID, FullName, Address, Phone) value('Invoice-028', 'Nguyễn Anh Quốc', '315 Khu Phố 2 - Thị trấn Hóc Môn - TP.HCM', '0903885157');
insert into ShipInfors(InvoiceID, FullName, Address, Phone) value('Invoice-029', 'Trần Trí Đức', '39 Bến Phú Định,  F16,  Q8,  HCM', '0908113307');
insert into ShipInfors(InvoiceID, FullName, Address, Phone) value('Invoice-030', 'Thi Thị Thanh Giang', '93/10/9 Trần Thái Tông,  P15,  Q.Tân Bình,  HCM', '0913822191');
insert into ShipInfors(InvoiceID, FullName, Address, Phone) value('Invoice-031', 'Nguyễn Văn Dũng', '155 Ký Con,  P.Nguyễn Thái Bình,  Q.1,  TPHCM', '0908137369');
insert into ShipInfors(InvoiceID, FullName, Address, Phone) value('Invoice-032', 'Ngô Thị Xuân Nhi', '27 Quân Sự,  F.11,  Q.11,  TPHCM', '0903944657');
insert into ShipInfors(InvoiceID, FullName, Address, Phone) value('Invoice-033', 'Nguyễn Thị Tố Nga', '71 Bis Cư xá đô thành,  F.4,  Q.3,  TPHCM', '0988956720');
insert into ShipInfors(InvoiceID, FullName, Address, Phone) value('Invoice-034', 'Trần Tiến Thịnh', '117 Cộng Hòa,  F.12,  Q.TB,  TPHCM', '0908343823');
insert into ShipInfors(InvoiceID, FullName, Address, Phone) value('Invoice-035', 'Nguyễn Thị Kiều Nga', '480/27 Nguyễn Tri Phương,  F.9,  Q.10,  TPHCM', '0919081945');
insert into ShipInfors(InvoiceID, FullName, Address, Phone) value('Invoice-036', 'Dương Thị Trắng', '173/7 Lê Thị Bạch Cát, F.11,  Q.11,  TPHCM', '0908002720');
insert into ShipInfors(InvoiceID, FullName, Address, Phone) value('Invoice-037', 'Võ Hồng Thiên Hương', '67/18/16 Bờ Bao Tân Thắng,  F. Sơn Kỳ,  Q.TP,  TPHCM', '0913765447');
insert into ShipInfors(InvoiceID, FullName, Address, Phone) value('Invoice-038', 'Nguyễn Thị Kim Trinh', '29 Nguyễn Đình Chiểu,  F Đa Kao,  Q.1,  TPHCM', '0918212213');
insert into ShipInfors(InvoiceID, FullName, Address, Phone) value('Invoice-039', 'Nguyễn Thị Bích Ngân', 'B16 Mỹ Gia 1,  Phú Mỹ Hưng,  Q.7,  TPHCM', '0903341555');
insert into ShipInfors(InvoiceID, FullName, Address, Phone) value('Invoice-040', 'Lê Thị Ái Thuận', '123/13 đường số 3,  KP II,  F. Bình Hưng Hòa,  Q.BT,  TPHCM', '0913161106');
insert into ShipInfors(InvoiceID, FullName, Address, Phone) value('Invoice-041', 'Nguyễn Hồng Thu', '122/1/1 Lê Văn Thọ,  F.11,  Q.GV,  TPHCM', '0903637408');
insert into ShipInfors(InvoiceID, FullName, Address, Phone) value('Invoice-042', 'Nguyễn Đồng Diễm Thúy', '89/10 Khuông Việt, F.Phú Trung,  Q.TP,  TPHCM', '0903623457');
insert into ShipInfors(InvoiceID, FullName, Address, Phone) value('Invoice-043', 'Phan Hiền', '2B/8 Bạch Đằng,  F.2,  Q.TB,  TPHCM', '0913717344');
insert into ShipInfors(InvoiceID, FullName, Address, Phone) value('Invoice-044', 'Đoàn Thanh Nguyên', '43 đường 909 Tạ Quang Biểu,  F.5,  Q.8,  TPHCM', '0903739032');
insert into ShipInfors(InvoiceID, FullName, Address, Phone) value('Invoice-045', 'Hoàng Thị Mỹ Hạnh', '159/19/6 Bạch Đằng,  F.2,  Q.TB,  TPHCM', '0913764810');
insert into ShipInfors(InvoiceID, FullName, Address, Phone) value('Invoice-046', 'Phan Thị Phụng', 'C4 Lầu 22 C/C Phúc Thịnh,  341 Cao Đạt,  F.1,  Q.5,  TPHCM', '0903623457');
insert into ShipInfors(InvoiceID, FullName, Address, Phone) value('Invoice-047', 'Nguyễn Hoàng Vân', '441/5B Nguyễn Đình Chiểu,  F.5,  Q.3,  TPHCM', '0903985522');
insert into ShipInfors(InvoiceID, FullName, Address, Phone) value('Invoice-048', 'Trần Thị Xuân Phượng', '561/128 Lê Quang Định,  F.1,  Q.GV,  TPHCM', '0918032368');
insert into ShipInfors(InvoiceID, FullName, Address, Phone) value('Invoice-049', 'Bùi Ngọc Hằng', 'NH TMCP Sài Gòn 101 Hoàng Văn Thụ,  F.9,  Q.PN,  TPHCM', '0908031500');
insert into ShipInfors(InvoiceID, FullName, Address, Phone) value('Invoice-050', 'Nguyễn Thị Thùy Trang', '3B-2-2-5 Chung Cư Mỹ Viên,  Nguyễn Lương Bằng,  F.TÂn Phú,  Q.7,  TPHCM', '0983004036');
insert into ShipInfors(InvoiceID, FullName, Address, Phone) value('Invoice-051', 'Nguyễn Khoa', '5/62 Nơ Trang Long,  P.7,  Bình Thạnh,  TPHCM', '0933248786');
insert into ShipInfors(InvoiceID, FullName, Address, Phone) value('Invoice-052', 'Trương Hoàng Anh', '24 Đường số 1,  P.Bình Trị Đông B,  Q.Bình Thạnh', '0913909009');
insert into ShipInfors(InvoiceID, FullName, Address, Phone) value('Invoice-053', 'Châu Quang Ngọc', '146 Lầu 4 Hùng Vương,  F.12,  Q.5', '0913909009');
insert into ShipInfors(InvoiceID, FullName, Address, Phone) value('Invoice-054', 'Nguyễn Văn Huy', '21 Đường 28,  KP4, P.Hiệp Bình Chánh,  Q.Thủ Đức,  TP.HCM', '0913909009');
insert into ShipInfors(InvoiceID, FullName, Address, Phone) value('Invoice-055', 'Lê Hữu Từ', '20/28/4 Hồ Đắc Di,  P.Tây Thạnh Q. Tân Phú TPHCM', '0903666717');
insert into ShipInfors(InvoiceID, FullName, Address, Phone) value('Invoice-056', 'Vũ Hoàng Quốc Tuấn', '269 H Đông Hưng Thuận Q.12 TP.HCM', '0903946484');
insert into ShipInfors(InvoiceID, FullName, Address, Phone) value('Invoice-057', 'Trần Tăng Phi Oanh', '445 Huỳnh Văn Bánh,  Q.13 Q.Phú Nhuận', '0918549645');
insert into ShipInfors(InvoiceID, FullName, Address, Phone) value('Invoice-058', 'Đặng Huỳnh Chí Công', '84 Lương Đình Của,  P.Thủ Thiêm Q.2 TP.HCM', '0913928085');
insert into ShipInfors(InvoiceID, FullName, Address, Phone) value('Invoice-059', 'Lê Văn Dũng', '372/12A Lê Đức Thọ,  P.16,  Q.Gò Vấp,  TP.HCM', '0909223316');
insert into ShipInfors(InvoiceID, FullName, Address, Phone) value('Invoice-060', 'Đinh Chí Dũng', '157 Hậu Giang,  P.5,  Q.6,  TP.HCM', '0913731693');
insert into ShipInfors(InvoiceID, FullName, Address, Phone) value('Invoice-061', 'Võ Văn Sơn', '76/25 Phan Tây Hồ,  P.7,  Q.Phú Nhuận', '0903804735');
insert into ShipInfors(InvoiceID, FullName, Address, Phone) value('Invoice-062', 'Đỗ Hữu Lâm', '35 Đường 39,  P.Bình Thuận,  Q.7,  TP.HCM', '0903824188');
insert into ShipInfors(InvoiceID, FullName, Address, Phone) value('Invoice-063', 'Phạm Quang Trí', '159D Nguyễn Hữu Cảnh,  F.22,  Q.BT', '0919872978');
insert into ShipInfors(InvoiceID, FullName, Address, Phone) value('Invoice-064', 'Trần Văn Hiển', '758 Điện Biên Phủ,  P.10 Q.5 HCM', '0908001188');
insert into ShipInfors(InvoiceID, FullName, Address, Phone) value('Invoice-065', 'Nguyễn Đăng Trình', '24 Nguyễn Trãi,  Nha Trang,  Khánh Hòa', '0903862666');
insert into ShipInfors(InvoiceID, FullName, Address, Phone) value('Invoice-066', 'Võ Hoàng Thu', '509 An Dương Vương,  P.8,  Q.5,  TP. HCM', '0903855977');
insert into ShipInfors(InvoiceID, FullName, Address, Phone) value('Invoice-067', 'Nguyễn Thái Học', '196 - 198 Hưng Phú,  P.8,  TP. HCM', '0903806501');
insert into ShipInfors(InvoiceID, FullName, Address, Phone) value('Invoice-068', 'Bùi Văn Vượng', '196 - 198 Hưng Phú,  P.8,  TP. HCM', '0913967269');
insert into ShipInfors(InvoiceID, FullName, Address, Phone) value('Invoice-069', 'Trần Trung Chính', '477/22 Âu Cơ,  P. Phú Trung,  Q. Tân Phú,  TP. HCM', '0903709348');
insert into ShipInfors(InvoiceID, FullName, Address, Phone) value('Invoice-070', 'Trần Thúy Diệp', '1/9 Hồ Thị Kỷ,  F1,  Q10,  TP. HCM', '0907364489');
insert into ShipInfors(InvoiceID, FullName, Address, Phone) value('Invoice-071', 'Võ Việt Thắng', '509 An Dương Vương,  P8,  Q5,  TP.HCM', '0908053969');
insert into ShipInfors(InvoiceID, FullName, Address, Phone) value('Invoice-072', 'Trần Thị Mai Hương', '372/12A Lê Đức Thọ,  P16,  Q.Gò Vấp,  TP.HCM', '0989053509');
insert into ShipInfors(InvoiceID, FullName, Address, Phone) value('Invoice-073', 'Trương Kế Toàn', '509 An Dương Vương,  P8,  Q5,  TP.HCM', '0918695631');
insert into ShipInfors(InvoiceID, FullName, Address, Phone) value('Invoice-074', 'Nguyễn Thị Tuyết Mai', 'B6 Đường 672 P. Phước Long B,  Q9,  TP.HCM', '0907120858');
insert into ShipInfors(InvoiceID, FullName, Address, Phone) value('Invoice-03', 'Hoàng Ngọc Lan', '2/15B Trần Nhân Tôn,  F2,  Q.10,  TP.HCM', '0903744478');
insert into ShipInfors(InvoiceID, FullName, Address, Phone) value('Invoice-012', 'Trần Thị Thu Thanh', '65C1 KP4,  đường 11,  Linh Xuân,  Thủ Đức,  Tp.HCM', '0908168368');
insert into ShipInfors(InvoiceID, FullName, Address, Phone) value('Invoice-035', 'Cao Xuân Khánh', '97/5/18D Phùng Tá Chu,  F An Lạc,  Q BT,  TP.HCM', '0903608545');
insert into ShipInfors(InvoiceID, FullName, Address, Phone) value('Invoice-071', 'Hồ Hữu Huy', '315 Khu Phố 2 - Thị trấn Hóc Môn - TP.HCM', '0903885157');
insert into ShipInfors(InvoiceID, FullName, Address, Phone) value('Invoice-028', 'Bùi Thanh Phong', '39 Bến Phú Định,  F16,  Q8,  HCM', '0908113307');
insert into ShipInfors(InvoiceID, FullName, Address, Phone) value('Invoice-018', 'Nguyễn Thị Hạnh Liên', '93/10/9 Trần Thái Tông,  P15,  Q.Tân Bình,  HCM', '0913822191');
insert into ShipInfors(InvoiceID, FullName, Address, Phone) value('Invoice-022', 'Lê An Bình', '155 Ký Con,  P.Nguyễn Thái Bình,  Q.1,  TPHCM', '0908137369');
insert into ShipInfors(InvoiceID, FullName, Address, Phone) value('Invoice-070', 'Lê Hoàng Tuyên', '27 Quân Sự,  F.11,  Q.11,  TPHCM', '0903944657');
insert into ShipInfors(InvoiceID, FullName, Address, Phone) value('Invoice-034', 'Bùi Hồng Thiên Kha', '71 Bis Cư xá đô thành,  F.4,  Q.3,  TPHCM', '0988956720');
insert into ShipInfors(InvoiceID, FullName, Address, Phone) value('Invoice-037', 'Nguyễn Văn Chánh', '117 Cộng Hòa,  F.12,  Q.TB,  TPHCM', '0908343823');
insert into ShipInfors(InvoiceID, FullName, Address, Phone) value('Invoice-011', 'Nguyễn Thị Xuân Hồng', '480/27 Nguyễn Tri Phương,  F.9,  Q.10,  TPHCM', '0919081945');
insert into ShipInfors(InvoiceID, FullName, Address, Phone) value('Invoice-02', 'Lê Thị Ánh Bích', '173/7 Lê Thị Bạch Cát, F.11,  Q.11,  TPHCM', '0908002720');
insert into ShipInfors(InvoiceID, FullName, Address, Phone) value('Invoice-01', 'Đào Minh Ngọc', '67/18/16 Bờ Bao Tân Thắng,  F. Sơn Kỳ,  Q.TP,  TPHCM', '0913765447');
insert into ShipInfors(InvoiceID, FullName, Address, Phone) value('Invoice-074', 'Nguyễn Thị Xuân Dung', '29 Nguyễn Đình Chiểu,  F Đa Kao,  Q.1,  TPHCM', '0918212213');
insert into ShipInfors(InvoiceID, FullName, Address, Phone) value('Invoice-054', 'Vũ Hồng Thuỷ', 'B16 Mỹ Gia 1, tâ	 Phú Mỹ Hưng,  Q.7,  TPHCM', '0903341555');
insert into ShipInfors(InvoiceID, FullName, Address, Phone) value('Invoice-073', 'Võ Thị Minh Nguyệt', '123/13 đường số 3,  KP II,  F. Bình Hưng Hòa,  Q.BT,  TPHCM', '0913161106');
insert into ShipInfors(InvoiceID, FullName, Address, Phone) value('Invoice-09', 'Vũ Thúy Diệp', '122/1/1 Lê Văn Thọ,  F.11,  Q.GV,  TPHCM', '0903637408');
insert into ShipInfors(InvoiceID, FullName, Address, Phone) value('Invoice-04', 'Nguyễn Xuân Lý', '89/10 Khuông Việt, F.Phú Trung,  Q.TP,  TPHCM', '0903623457');
insert into ShipInfors(InvoiceID, FullName, Address, Phone) value('Invoice-015', 'Đỗ Thị Thu Thủy', '2B/8 Bạch Đằng,  F.2,  Q.TB,  TPHCM', '0913717344');
insert into ShipInfors(InvoiceID, FullName, Address, Phone) value('Invoice-048', 'Phạm Thị Mỹ Nhung', '43 đường 909 Tạ Quang Biểu,  F.5,  Q.8,  TPHCM', '0903739032');
insert into ShipInfors(InvoiceID, FullName, Address, Phone) value('Invoice-062', 'Lê Thị Diệu Ngọc', '159/19/6 Bạch Đằng,  F.2,  Q.TB,  TPHCM', '0913764810');
insert into ShipInfors(InvoiceID, FullName, Address, Phone) value('Invoice-060', 'Lưu Thúy Châu', 'C4 Lầu 22 C/C Phúc Thịnh,  341 Cao Đạt,  F.1,  Q.5,  TPHCM', '0903623457');
insert into ShipInfors(InvoiceID, FullName, Address, Phone) value('Invoice-043', 'Nguyễn Thị Thúy Hằng', '441/5B Nguyễn Đình Chiểu,  F.5,  Q.3,  TPHCM', '0903985522');
insert into ShipInfors(InvoiceID, FullName, Address, Phone) value('Invoice-049', 'Lý Thị Thùy Trang', '561/128 Lê Quang Định,  F.1,  Q.GV,  TPHCM', '0918032368');
insert into ShipInfors(InvoiceID, FullName, Address, Phone) value('Invoice-050', 'Trần Thị Bích Thủy', 'NH TMCP Sài Gòn 101 Hoàng Văn Thụ,  F.9,  Q.PN,  TPHCM', '0908031500');
insert into ShipInfors(InvoiceID, FullName, Address, Phone) value('Invoice-019', 'Lê Thị Phương Trâm', '3B-2-2-5 Chung Cư Mỹ Viên,  Nguyễn Lương Bằng,  F.TÂn Phú,  Q.7,  TPHCM', '0983004036');
